mtllib hat_retro_tv.mtl
usemtl texture_0
v 0.80000000 0.62500000 0.18750000
vt 0.00195312 0.00195312
vn 0.00000000 -0.00000000 -1.00000000
v 0.80000000 0.12500000 0.18750000
vt 0.00195312 0.04882812
vn 0.00000000 -0.00000000 -1.00000000
v 0.20000000 0.12500000 0.18750000
vt 0.05859375 0.04882812
vn 0.00000000 -0.00000000 -1.00000000
v 0.20000000 0.62500000 0.18750000
vt 0.05859375 0.00195312
vn 0.00000000 -0.00000000 -1.00000000
f 1/1/1 2/2/2 3/3/3 4/4/4
usemtl texture_0
v 0.20000000 0.62500000 0.23750000
vt 0.00195312 0.00195312
vn 0.00000000 0.00000000 1.00000000
v 0.20000000 0.12500000 0.23750000
vt 0.00195312 0.04882812
vn 0.00000000 0.00000000 1.00000000
v 0.80000000 0.12500000 0.23750000
vt 0.05859375 0.04882812
vn 0.00000000 0.00000000 1.00000000
v 0.80000000 0.62500000 0.23750000
vt 0.05859375 0.00195312
vn 0.00000000 0.00000000 1.00000000
f 5/5/5 6/6/6 7/7/7 8/8/8
usemtl texture_0
v 0.80000000 0.62500000 0.23750000
vt 0.06250000 0.00195312
vn 1.00000000 0.00000000 0.00000000
v 0.80000000 0.12500000 0.23750000
vt 0.06250000 0.04882812
vn 1.00000000 0.00000000 0.00000000
v 0.80000000 0.12500000 0.18750000
vt 0.06640625 0.04882812
vn 1.00000000 0.00000000 0.00000000
v 0.80000000 0.62500000 0.18750000
vt 0.06640625 0.00195312
vn 1.00000000 0.00000000 0.00000000
f 9/9/9 10/10/10 11/11/11 12/12/12
usemtl texture_0
v 0.20000000 0.62500000 0.18750000
vt 0.06250000 0.00195312
vn -1.00000000 0.00000000 0.00000000
v 0.20000000 0.12500000 0.18750000
vt 0.06250000 0.04882812
vn -1.00000000 0.00000000 0.00000000
v 0.20000000 0.12500000 0.23750000
vt 0.06640625 0.04882812
vn -1.00000000 0.00000000 0.00000000
v 0.20000000 0.62500000 0.23750000
vt 0.06640625 0.00195312
vn -1.00000000 0.00000000 0.00000000
f 13/13/13 14/14/14 15/15/15 16/16/16
usemtl texture_0
v 0.20000000 0.62500000 0.18750000
vt 0.07031250 0.00195312
vn 0.00000000 1.00000000 0.00000000
v 0.20000000 0.62500000 0.23750000
vt 0.07031250 0.00585938
vn 0.00000000 1.00000000 0.00000000
v 0.80000000 0.62500000 0.23750000
vt 0.12695312 0.00585938
vn 0.00000000 1.00000000 0.00000000
v 0.80000000 0.62500000 0.18750000
vt 0.12695312 0.00195312
vn 0.00000000 1.00000000 0.00000000
f 17/17/17 18/18/18 19/19/19 20/20/20
usemtl texture_0
v 0.20000000 0.12500000 0.23750000
vt 0.07031250 0.00195312
vn 0.00000000 -1.00000000 0.00000000
v 0.20000000 0.12500000 0.18750000
vt 0.07031250 0.00585938
vn 0.00000000 -1.00000000 0.00000000
v 0.80000000 0.12500000 0.18750000
vt 0.12695312 0.00585938
vn 0.00000000 -1.00000000 0.00000000
v 0.80000000 0.12500000 0.23750000
vt 0.12695312 0.00195312
vn 0.00000000 -1.00000000 0.00000000
f 21/21/21 22/22/22 23/23/23 24/24/24
usemtl texture_0
v 0.20000000 0.62500000 0.19375000
vt 0.13085938 0.00195312
vn 0.00000000 -0.00000000 -1.00000000
v 0.20000000 0.12500000 0.19375000
vt 0.13085938 0.04882812
vn 0.00000000 -0.00000000 -1.00000000
v 0.19375000 0.12500000 0.19375000
vt 0.13281250 0.04882812
vn 0.00000000 -0.00000000 -1.00000000
v 0.19375000 0.62500000 0.19375000
vt 0.13281250 0.00195312
vn 0.00000000 -0.00000000 -1.00000000
f 25/25/25 26/26/26 27/27/27 28/28/28
usemtl texture_0
v 0.19375000 0.62500000 0.23125000
vt 0.13085938 0.00195312
vn 0.00000000 0.00000000 1.00000000
v 0.19375000 0.12500000 0.23125000
vt 0.13085938 0.04882812
vn 0.00000000 0.00000000 1.00000000
v 0.20000000 0.12500000 0.23125000
vt 0.13281250 0.04882812
vn 0.00000000 0.00000000 1.00000000
v 0.20000000 0.62500000 0.23125000
vt 0.13281250 0.00195312
vn 0.00000000 0.00000000 1.00000000
f 29/29/29 30/30/30 31/31/31 32/32/32
usemtl texture_0
v 0.20000000 0.62500000 0.23125000
vt 0.06250000 0.00195312
vn 1.00000000 0.00000000 0.00000000
v 0.20000000 0.12500000 0.23125000
vt 0.06250000 0.04882812
vn 1.00000000 0.00000000 0.00000000
v 0.20000000 0.12500000 0.19375000
vt 0.06640625 0.04882812
vn 1.00000000 0.00000000 0.00000000
v 0.20000000 0.62500000 0.19375000
vt 0.06640625 0.00195312
vn 1.00000000 0.00000000 0.00000000
f 33/33/33 34/34/34 35/35/35 36/36/36
usemtl texture_0
v 0.19375000 0.62500000 0.19375000
vt 0.06250000 0.00195312
vn -1.00000000 0.00000000 0.00000000
v 0.19375000 0.12500000 0.19375000
vt 0.06250000 0.04882812
vn -1.00000000 0.00000000 0.00000000
v 0.19375000 0.12500000 0.23125000
vt 0.06640625 0.04882812
vn -1.00000000 0.00000000 0.00000000
v 0.19375000 0.62500000 0.23125000
vt 0.06640625 0.00195312
vn -1.00000000 0.00000000 0.00000000
f 37/37/37 38/38/38 39/39/39 40/40/40
usemtl texture_0
v 0.19375000 0.62500000 0.19375000
vt 0.13671875 0.00195312
vn 0.00000000 1.00000000 0.00000000
v 0.19375000 0.62500000 0.23125000
vt 0.13671875 0.00585938
vn 0.00000000 1.00000000 0.00000000
v 0.20000000 0.62500000 0.23125000
vt 0.13867188 0.00585938
vn 0.00000000 1.00000000 0.00000000
v 0.20000000 0.62500000 0.19375000
vt 0.13867188 0.00195312
vn 0.00000000 1.00000000 0.00000000
f 41/41/41 42/42/42 43/43/43 44/44/44
usemtl texture_0
v 0.19375000 0.12500000 0.23125000
vt 0.13671875 0.00195312
vn 0.00000000 -1.00000000 0.00000000
v 0.19375000 0.12500000 0.19375000
vt 0.13671875 0.00585938
vn 0.00000000 -1.00000000 0.00000000
v 0.20000000 0.12500000 0.19375000
vt 0.13867188 0.00585938
vn 0.00000000 -1.00000000 0.00000000
v 0.20000000 0.12500000 0.23125000
vt 0.13867188 0.00195312
vn 0.00000000 -1.00000000 0.00000000
f 45/45/45 46/46/46 47/47/47 48/48/48
usemtl texture_0
v 0.80625000 0.62500000 0.19375000
vt 0.13085938 0.00195312
vn 0.00000000 -0.00000000 -1.00000000
v 0.80625000 0.12500000 0.19375000
vt 0.13085938 0.04882812
vn 0.00000000 -0.00000000 -1.00000000
v 0.80000000 0.12500000 0.19375000
vt 0.13281250 0.04882812
vn 0.00000000 -0.00000000 -1.00000000
v 0.80000000 0.62500000 0.19375000
vt 0.13281250 0.00195312
vn 0.00000000 -0.00000000 -1.00000000
f 49/49/49 50/50/50 51/51/51 52/52/52
usemtl texture_0
v 0.80000000 0.62500000 0.23125000
vt 0.13085938 0.00195312
vn 0.00000000 0.00000000 1.00000000
v 0.80000000 0.12500000 0.23125000
vt 0.13085938 0.04882812
vn 0.00000000 0.00000000 1.00000000
v 0.80625000 0.12500000 0.23125000
vt 0.13281250 0.04882812
vn 0.00000000 0.00000000 1.00000000
v 0.80625000 0.62500000 0.23125000
vt 0.13281250 0.00195312
vn 0.00000000 0.00000000 1.00000000
f 53/53/53 54/54/54 55/55/55 56/56/56
usemtl texture_0
v 0.80625000 0.62500000 0.23125000
vt 0.06250000 0.00195312
vn 1.00000000 0.00000000 0.00000000
v 0.80625000 0.12500000 0.23125000
vt 0.06250000 0.04882812
vn 1.00000000 0.00000000 0.00000000
v 0.80625000 0.12500000 0.19375000
vt 0.06640625 0.04882812
vn 1.00000000 0.00000000 0.00000000
v 0.80625000 0.62500000 0.19375000
vt 0.06640625 0.00195312
vn 1.00000000 0.00000000 0.00000000
f 57/57/57 58/58/58 59/59/59 60/60/60
usemtl texture_0
v 0.80000000 0.62500000 0.19375000
vt 0.06250000 0.00195312
vn -1.00000000 0.00000000 0.00000000
v 0.80000000 0.12500000 0.19375000
vt 0.06250000 0.04882812
vn -1.00000000 0.00000000 0.00000000
v 0.80000000 0.12500000 0.23125000
vt 0.06640625 0.04882812
vn -1.00000000 0.00000000 0.00000000
v 0.80000000 0.62500000 0.23125000
vt 0.06640625 0.00195312
vn -1.00000000 0.00000000 0.00000000
f 61/61/61 62/62/62 63/63/63 64/64/64
usemtl texture_0
v 0.80000000 0.62500000 0.19375000
vt 0.13671875 0.00195312
vn 0.00000000 1.00000000 0.00000000
v 0.80000000 0.62500000 0.23125000
vt 0.13671875 0.00585938
vn 0.00000000 1.00000000 0.00000000
v 0.80625000 0.62500000 0.23125000
vt 0.13867188 0.00585938
vn 0.00000000 1.00000000 0.00000000
v 0.80625000 0.62500000 0.19375000
vt 0.13867188 0.00195312
vn 0.00000000 1.00000000 0.00000000
f 65/65/65 66/66/66 67/67/67 68/68/68
usemtl texture_0
v 0.80000000 0.12500000 0.23125000
vt 0.13671875 0.00195312
vn 0.00000000 -1.00000000 0.00000000
v 0.80000000 0.12500000 0.19375000
vt 0.13671875 0.00585938
vn 0.00000000 -1.00000000 0.00000000
v 0.80625000 0.12500000 0.19375000
vt 0.13867188 0.00585938
vn 0.00000000 -1.00000000 0.00000000
v 0.80625000 0.12500000 0.23125000
vt 0.13867188 0.00195312
vn 0.00000000 -1.00000000 0.00000000
f 69/69/69 70/70/70 71/71/71 72/72/72
usemtl texture_0
v 0.19375000 0.62500000 0.20000000
vt 0.13085938 0.00195312
vn 0.00000000 -0.00000000 -1.00000000
v 0.19375000 0.12500000 0.20000000
vt 0.13085938 0.04882812
vn 0.00000000 -0.00000000 -1.00000000
v 0.18750000 0.12500000 0.20000000
vt 0.13281250 0.04882812
vn 0.00000000 -0.00000000 -1.00000000
v 0.18750000 0.62500000 0.20000000
vt 0.13281250 0.00195312
vn 0.00000000 -0.00000000 -1.00000000
f 73/73/73 74/74/74 75/75/75 76/76/76
usemtl texture_0
v 0.18750000 0.62500000 0.22500000
vt 0.13085938 0.00195312
vn 0.00000000 0.00000000 1.00000000
v 0.18750000 0.12500000 0.22500000
vt 0.13085938 0.04882812
vn 0.00000000 0.00000000 1.00000000
v 0.19375000 0.12500000 0.22500000
vt 0.13281250 0.04882812
vn 0.00000000 0.00000000 1.00000000
v 0.19375000 0.62500000 0.22500000
vt 0.13281250 0.00195312
vn 0.00000000 0.00000000 1.00000000
f 77/77/77 78/78/78 79/79/79 80/80/80
usemtl texture_0
v 0.19375000 0.62500000 0.22500000
vt 0.13085938 0.00195312
vn 1.00000000 0.00000000 0.00000000
v 0.19375000 0.12500000 0.22500000
vt 0.13085938 0.04882812
vn 1.00000000 0.00000000 0.00000000
v 0.19375000 0.12500000 0.20000000
vt 0.13281250 0.04882812
vn 1.00000000 0.00000000 0.00000000
v 0.19375000 0.62500000 0.20000000
vt 0.13281250 0.00195312
vn 1.00000000 0.00000000 0.00000000
f 81/81/81 82/82/82 83/83/83 84/84/84
usemtl texture_0
v 0.18750000 0.62500000 0.20000000
vt 0.13085938 0.00195312
vn -1.00000000 0.00000000 0.00000000
v 0.18750000 0.12500000 0.20000000
vt 0.13085938 0.04882812
vn -1.00000000 0.00000000 0.00000000
v 0.18750000 0.12500000 0.22500000
vt 0.13281250 0.04882812
vn -1.00000000 0.00000000 0.00000000
v 0.18750000 0.62500000 0.22500000
vt 0.13281250 0.00195312
vn -1.00000000 0.00000000 0.00000000
f 85/85/85 86/86/86 87/87/87 88/88/88
usemtl texture_0
v 0.18750000 0.62500000 0.20000000
vt 0.14257812 0.00195312
vn 0.00000000 1.00000000 0.00000000
v 0.18750000 0.62500000 0.22500000
vt 0.14257812 0.00390625
vn 0.00000000 1.00000000 0.00000000
v 0.19375000 0.62500000 0.22500000
vt 0.14453125 0.00390625
vn 0.00000000 1.00000000 0.00000000
v 0.19375000 0.62500000 0.20000000
vt 0.14453125 0.00195312
vn 0.00000000 1.00000000 0.00000000
f 89/89/89 90/90/90 91/91/91 92/92/92
usemtl texture_0
v 0.18750000 0.12500000 0.22500000
vt 0.14257812 0.00195312
vn 0.00000000 -1.00000000 0.00000000
v 0.18750000 0.12500000 0.20000000
vt 0.14257812 0.00390625
vn 0.00000000 -1.00000000 0.00000000
v 0.19375000 0.12500000 0.20000000
vt 0.14453125 0.00390625
vn 0.00000000 -1.00000000 0.00000000
v 0.19375000 0.12500000 0.22500000
vt 0.14453125 0.00195312
vn 0.00000000 -1.00000000 0.00000000
f 93/93/93 94/94/94 95/95/95 96/96/96
usemtl texture_0
v 0.81250000 0.62500000 0.20000000
vt 0.13085938 0.00195312
vn 0.00000000 -0.00000000 -1.00000000
v 0.81250000 0.12500000 0.20000000
vt 0.13085938 0.04882812
vn 0.00000000 -0.00000000 -1.00000000
v 0.80625000 0.12500000 0.20000000
vt 0.13281250 0.04882812
vn 0.00000000 -0.00000000 -1.00000000
v 0.80625000 0.62500000 0.20000000
vt 0.13281250 0.00195312
vn 0.00000000 -0.00000000 -1.00000000
f 97/97/97 98/98/98 99/99/99 100/100/100
usemtl texture_0
v 0.80625000 0.62500000 0.22500000
vt 0.13085938 0.00195312
vn 0.00000000 0.00000000 1.00000000
v 0.80625000 0.12500000 0.22500000
vt 0.13085938 0.04882812
vn 0.00000000 0.00000000 1.00000000
v 0.81250000 0.12500000 0.22500000
vt 0.13281250 0.04882812
vn 0.00000000 0.00000000 1.00000000
v 0.81250000 0.62500000 0.22500000
vt 0.13281250 0.00195312
vn 0.00000000 0.00000000 1.00000000
f 101/101/101 102/102/102 103/103/103 104/104/104
usemtl texture_0
v 0.81250000 0.62500000 0.22500000
vt 0.13085938 0.00195312
vn 1.00000000 0.00000000 0.00000000
v 0.81250000 0.12500000 0.22500000
vt 0.13085938 0.04882812
vn 1.00000000 0.00000000 0.00000000
v 0.81250000 0.12500000 0.20000000
vt 0.13281250 0.04882812
vn 1.00000000 0.00000000 0.00000000
v 0.81250000 0.62500000 0.20000000
vt 0.13281250 0.00195312
vn 1.00000000 0.00000000 0.00000000
f 105/105/105 106/106/106 107/107/107 108/108/108
usemtl texture_0
v 0.80625000 0.62500000 0.20000000
vt 0.13085938 0.00195312
vn -1.00000000 0.00000000 0.00000000
v 0.80625000 0.12500000 0.20000000
vt 0.13085938 0.04882812
vn -1.00000000 0.00000000 0.00000000
v 0.80625000 0.12500000 0.22500000
vt 0.13281250 0.04882812
vn -1.00000000 0.00000000 0.00000000
v 0.80625000 0.62500000 0.22500000
vt 0.13281250 0.00195312
vn -1.00000000 0.00000000 0.00000000
f 109/109/109 110/110/110 111/111/111 112/112/112
usemtl texture_0
v 0.80625000 0.62500000 0.20000000
vt 0.14257812 0.00195312
vn 0.00000000 1.00000000 0.00000000
v 0.80625000 0.62500000 0.22500000
vt 0.14257812 0.00390625
vn 0.00000000 1.00000000 0.00000000
v 0.81250000 0.62500000 0.22500000
vt 0.14453125 0.00390625
vn 0.00000000 1.00000000 0.00000000
v 0.81250000 0.62500000 0.20000000
vt 0.14453125 0.00195312
vn 0.00000000 1.00000000 0.00000000
f 113/113/113 114/114/114 115/115/115 116/116/116
usemtl texture_0
v 0.80625000 0.12500000 0.22500000
vt 0.14257812 0.00195312
vn 0.00000000 -1.00000000 0.00000000
v 0.80625000 0.12500000 0.20000000
vt 0.14257812 0.00390625
vn 0.00000000 -1.00000000 0.00000000
v 0.81250000 0.12500000 0.20000000
vt 0.14453125 0.00390625
vn 0.00000000 -1.00000000 0.00000000
v 0.81250000 0.12500000 0.22500000
vt 0.14453125 0.00195312
vn 0.00000000 -1.00000000 0.00000000
f 117/117/117 118/118/118 119/119/119 120/120/120
usemtl texture_0
v 0.80000000 0.62500000 0.76250000
vt 0.00195312 0.00195312
vn 0.00000000 -0.00000000 -1.00000000
v 0.80000000 0.12500000 0.76250000
vt 0.00195312 0.04882812
vn 0.00000000 -0.00000000 -1.00000000
v 0.20000000 0.12500000 0.76250000
vt 0.05859375 0.04882812
vn 0.00000000 -0.00000000 -1.00000000
v 0.20000000 0.62500000 0.76250000
vt 0.05859375 0.00195312
vn 0.00000000 -0.00000000 -1.00000000
f 121/121/121 122/122/122 123/123/123 124/124/124
usemtl texture_0
v 0.20000000 0.62500000 0.81250000
vt 0.00195312 0.00195312
vn 0.00000000 0.00000000 1.00000000
v 0.20000000 0.12500000 0.81250000
vt 0.00195312 0.04882812
vn 0.00000000 0.00000000 1.00000000
v 0.80000000 0.12500000 0.81250000
vt 0.05859375 0.04882812
vn 0.00000000 0.00000000 1.00000000
v 0.80000000 0.62500000 0.81250000
vt 0.05859375 0.00195312
vn 0.00000000 0.00000000 1.00000000
f 125/125/125 126/126/126 127/127/127 128/128/128
usemtl texture_0
v 0.80000000 0.62500000 0.81250000
vt 0.06250000 0.00195312
vn 1.00000000 0.00000000 0.00000000
v 0.80000000 0.12500000 0.81250000
vt 0.06250000 0.04882812
vn 1.00000000 0.00000000 0.00000000
v 0.80000000 0.12500000 0.76250000
vt 0.06640625 0.04882812
vn 1.00000000 0.00000000 0.00000000
v 0.80000000 0.62500000 0.76250000
vt 0.06640625 0.00195312
vn 1.00000000 0.00000000 0.00000000
f 129/129/129 130/130/130 131/131/131 132/132/132
usemtl texture_0
v 0.20000000 0.62500000 0.76250000
vt 0.06250000 0.00195312
vn -1.00000000 0.00000000 0.00000000
v 0.20000000 0.12500000 0.76250000
vt 0.06250000 0.04882812
vn -1.00000000 0.00000000 0.00000000
v 0.20000000 0.12500000 0.81250000
vt 0.06640625 0.04882812
vn -1.00000000 0.00000000 0.00000000
v 0.20000000 0.62500000 0.81250000
vt 0.06640625 0.00195312
vn -1.00000000 0.00000000 0.00000000
f 133/133/133 134/134/134 135/135/135 136/136/136
usemtl texture_0
v 0.20000000 0.62500000 0.76250000
vt 0.07031250 0.00195312
vn 0.00000000 1.00000000 0.00000000
v 0.20000000 0.62500000 0.81250000
vt 0.07031250 0.00585938
vn 0.00000000 1.00000000 0.00000000
v 0.80000000 0.62500000 0.81250000
vt 0.12695312 0.00585938
vn 0.00000000 1.00000000 0.00000000
v 0.80000000 0.62500000 0.76250000
vt 0.12695312 0.00195312
vn 0.00000000 1.00000000 0.00000000
f 137/137/137 138/138/138 139/139/139 140/140/140
usemtl texture_0
v 0.20000000 0.12500000 0.81250000
vt 0.07031250 0.00195312
vn 0.00000000 -1.00000000 0.00000000
v 0.20000000 0.12500000 0.76250000
vt 0.07031250 0.00585938
vn 0.00000000 -1.00000000 0.00000000
v 0.80000000 0.12500000 0.76250000
vt 0.12695312 0.00585938
vn 0.00000000 -1.00000000 0.00000000
v 0.80000000 0.12500000 0.81250000
vt 0.12695312 0.00195312
vn 0.00000000 -1.00000000 0.00000000
f 141/141/141 142/142/142 143/143/143 144/144/144
usemtl texture_0
v 0.20000000 0.62500000 0.76875000
vt 0.13085938 0.00195312
vn 0.00000000 -0.00000000 -1.00000000
v 0.20000000 0.12500000 0.76875000
vt 0.13085938 0.04882812
vn 0.00000000 -0.00000000 -1.00000000
v 0.19375000 0.12500000 0.76875000
vt 0.13281250 0.04882812
vn 0.00000000 -0.00000000 -1.00000000
v 0.19375000 0.62500000 0.76875000
vt 0.13281250 0.00195312
vn 0.00000000 -0.00000000 -1.00000000
f 145/145/145 146/146/146 147/147/147 148/148/148
usemtl texture_0
v 0.19375000 0.62500000 0.80625000
vt 0.13085938 0.00195312
vn 0.00000000 0.00000000 1.00000000
v 0.19375000 0.12500000 0.80625000
vt 0.13085938 0.04882812
vn 0.00000000 0.00000000 1.00000000
v 0.20000000 0.12500000 0.80625000
vt 0.13281250 0.04882812
vn 0.00000000 0.00000000 1.00000000
v 0.20000000 0.62500000 0.80625000
vt 0.13281250 0.00195312
vn 0.00000000 0.00000000 1.00000000
f 149/149/149 150/150/150 151/151/151 152/152/152
usemtl texture_0
v 0.20000000 0.62500000 0.80625000
vt 0.06250000 0.00195312
vn 1.00000000 0.00000000 0.00000000
v 0.20000000 0.12500000 0.80625000
vt 0.06250000 0.04882812
vn 1.00000000 0.00000000 0.00000000
v 0.20000000 0.12500000 0.76875000
vt 0.06640625 0.04882812
vn 1.00000000 0.00000000 0.00000000
v 0.20000000 0.62500000 0.76875000
vt 0.06640625 0.00195312
vn 1.00000000 0.00000000 0.00000000
f 153/153/153 154/154/154 155/155/155 156/156/156
usemtl texture_0
v 0.19375000 0.62500000 0.76875000
vt 0.06250000 0.00195312
vn -1.00000000 0.00000000 0.00000000
v 0.19375000 0.12500000 0.76875000
vt 0.06250000 0.04882812
vn -1.00000000 0.00000000 0.00000000
v 0.19375000 0.12500000 0.80625000
vt 0.06640625 0.04882812
vn -1.00000000 0.00000000 0.00000000
v 0.19375000 0.62500000 0.80625000
vt 0.06640625 0.00195312
vn -1.00000000 0.00000000 0.00000000
f 157/157/157 158/158/158 159/159/159 160/160/160
usemtl texture_0
v 0.19375000 0.62500000 0.76875000
vt 0.13671875 0.00195312
vn 0.00000000 1.00000000 0.00000000
v 0.19375000 0.62500000 0.80625000
vt 0.13671875 0.00585938
vn 0.00000000 1.00000000 0.00000000
v 0.20000000 0.62500000 0.80625000
vt 0.13867188 0.00585938
vn 0.00000000 1.00000000 0.00000000
v 0.20000000 0.62500000 0.76875000
vt 0.13867188 0.00195312
vn 0.00000000 1.00000000 0.00000000
f 161/161/161 162/162/162 163/163/163 164/164/164
usemtl texture_0
v 0.19375000 0.12500000 0.80625000
vt 0.13671875 0.00195312
vn 0.00000000 -1.00000000 0.00000000
v 0.19375000 0.12500000 0.76875000
vt 0.13671875 0.00585938
vn 0.00000000 -1.00000000 0.00000000
v 0.20000000 0.12500000 0.76875000
vt 0.13867188 0.00585938
vn 0.00000000 -1.00000000 0.00000000
v 0.20000000 0.12500000 0.80625000
vt 0.13867188 0.00195312
vn 0.00000000 -1.00000000 0.00000000
f 165/165/165 166/166/166 167/167/167 168/168/168
usemtl texture_0
v 0.80625000 0.62500000 0.76875000
vt 0.13085938 0.00195312
vn 0.00000000 -0.00000000 -1.00000000
v 0.80625000 0.12500000 0.76875000
vt 0.13085938 0.04882812
vn 0.00000000 -0.00000000 -1.00000000
v 0.80000000 0.12500000 0.76875000
vt 0.13281250 0.04882812
vn 0.00000000 -0.00000000 -1.00000000
v 0.80000000 0.62500000 0.76875000
vt 0.13281250 0.00195312
vn 0.00000000 -0.00000000 -1.00000000
f 169/169/169 170/170/170 171/171/171 172/172/172
usemtl texture_0
v 0.80000000 0.62500000 0.80625000
vt 0.13085938 0.00195312
vn 0.00000000 0.00000000 1.00000000
v 0.80000000 0.12500000 0.80625000
vt 0.13085938 0.04882812
vn 0.00000000 0.00000000 1.00000000
v 0.80625000 0.12500000 0.80625000
vt 0.13281250 0.04882812
vn 0.00000000 0.00000000 1.00000000
v 0.80625000 0.62500000 0.80625000
vt 0.13281250 0.00195312
vn 0.00000000 0.00000000 1.00000000
f 173/173/173 174/174/174 175/175/175 176/176/176
usemtl texture_0
v 0.80625000 0.62500000 0.80625000
vt 0.06250000 0.00195312
vn 1.00000000 0.00000000 0.00000000
v 0.80625000 0.12500000 0.80625000
vt 0.06250000 0.04882812
vn 1.00000000 0.00000000 0.00000000
v 0.80625000 0.12500000 0.76875000
vt 0.06640625 0.04882812
vn 1.00000000 0.00000000 0.00000000
v 0.80625000 0.62500000 0.76875000
vt 0.06640625 0.00195312
vn 1.00000000 0.00000000 0.00000000
f 177/177/177 178/178/178 179/179/179 180/180/180
usemtl texture_0
v 0.80000000 0.62500000 0.76875000
vt 0.06250000 0.00195312
vn -1.00000000 0.00000000 0.00000000
v 0.80000000 0.12500000 0.76875000
vt 0.06250000 0.04882812
vn -1.00000000 0.00000000 0.00000000
v 0.80000000 0.12500000 0.80625000
vt 0.06640625 0.04882812
vn -1.00000000 0.00000000 0.00000000
v 0.80000000 0.62500000 0.80625000
vt 0.06640625 0.00195312
vn -1.00000000 0.00000000 0.00000000
f 181/181/181 182/182/182 183/183/183 184/184/184
usemtl texture_0
v 0.80000000 0.62500000 0.76875000
vt 0.13671875 0.00195312
vn 0.00000000 1.00000000 0.00000000
v 0.80000000 0.62500000 0.80625000
vt 0.13671875 0.00585938
vn 0.00000000 1.00000000 0.00000000
v 0.80625000 0.62500000 0.80625000
vt 0.13867188 0.00585938
vn 0.00000000 1.00000000 0.00000000
v 0.80625000 0.62500000 0.76875000
vt 0.13867188 0.00195312
vn 0.00000000 1.00000000 0.00000000
f 185/185/185 186/186/186 187/187/187 188/188/188
usemtl texture_0
v 0.80000000 0.12500000 0.80625000
vt 0.13671875 0.00195312
vn 0.00000000 -1.00000000 0.00000000
v 0.80000000 0.12500000 0.76875000
vt 0.13671875 0.00585938
vn 0.00000000 -1.00000000 0.00000000
v 0.80625000 0.12500000 0.76875000
vt 0.13867188 0.00585938
vn 0.00000000 -1.00000000 0.00000000
v 0.80625000 0.12500000 0.80625000
vt 0.13867188 0.00195312
vn 0.00000000 -1.00000000 0.00000000
f 189/189/189 190/190/190 191/191/191 192/192/192
usemtl texture_0
v 0.19375000 0.62500000 0.77500000
vt 0.13085938 0.00195312
vn 0.00000000 -0.00000000 -1.00000000
v 0.19375000 0.12500000 0.77500000
vt 0.13085938 0.04882812
vn 0.00000000 -0.00000000 -1.00000000
v 0.18750000 0.12500000 0.77500000
vt 0.13281250 0.04882812
vn 0.00000000 -0.00000000 -1.00000000
v 0.18750000 0.62500000 0.77500000
vt 0.13281250 0.00195312
vn 0.00000000 -0.00000000 -1.00000000
f 193/193/193 194/194/194 195/195/195 196/196/196
usemtl texture_0
v 0.18750000 0.62500000 0.80000000
vt 0.13085938 0.00195312
vn 0.00000000 0.00000000 1.00000000
v 0.18750000 0.12500000 0.80000000
vt 0.13085938 0.04882812
vn 0.00000000 0.00000000 1.00000000
v 0.19375000 0.12500000 0.80000000
vt 0.13281250 0.04882812
vn 0.00000000 0.00000000 1.00000000
v 0.19375000 0.62500000 0.80000000
vt 0.13281250 0.00195312
vn 0.00000000 0.00000000 1.00000000
f 197/197/197 198/198/198 199/199/199 200/200/200
usemtl texture_0
v 0.19375000 0.62500000 0.80000000
vt 0.13085938 0.00195312
vn 1.00000000 0.00000000 0.00000000
v 0.19375000 0.12500000 0.80000000
vt 0.13085938 0.04882812
vn 1.00000000 0.00000000 0.00000000
v 0.19375000 0.12500000 0.77500000
vt 0.13281250 0.04882812
vn 1.00000000 0.00000000 0.00000000
v 0.19375000 0.62500000 0.77500000
vt 0.13281250 0.00195312
vn 1.00000000 0.00000000 0.00000000
f 201/201/201 202/202/202 203/203/203 204/204/204
usemtl texture_0
v 0.18750000 0.62500000 0.77500000
vt 0.13085938 0.00195312
vn -1.00000000 0.00000000 0.00000000
v 0.18750000 0.12500000 0.77500000
vt 0.13085938 0.04882812
vn -1.00000000 0.00000000 0.00000000
v 0.18750000 0.12500000 0.80000000
vt 0.13281250 0.04882812
vn -1.00000000 0.00000000 0.00000000
v 0.18750000 0.62500000 0.80000000
vt 0.13281250 0.00195312
vn -1.00000000 0.00000000 0.00000000
f 205/205/205 206/206/206 207/207/207 208/208/208
usemtl texture_0
v 0.18750000 0.62500000 0.77500000
vt 0.14257812 0.00195312
vn 0.00000000 1.00000000 0.00000000
v 0.18750000 0.62500000 0.80000000
vt 0.14257812 0.00390625
vn 0.00000000 1.00000000 0.00000000
v 0.19375000 0.62500000 0.80000000
vt 0.14453125 0.00390625
vn 0.00000000 1.00000000 0.00000000
v 0.19375000 0.62500000 0.77500000
vt 0.14453125 0.00195312
vn 0.00000000 1.00000000 0.00000000
f 209/209/209 210/210/210 211/211/211 212/212/212
usemtl texture_0
v 0.18750000 0.12500000 0.80000000
vt 0.14257812 0.00195312
vn 0.00000000 -1.00000000 0.00000000
v 0.18750000 0.12500000 0.77500000
vt 0.14257812 0.00390625
vn 0.00000000 -1.00000000 0.00000000
v 0.19375000 0.12500000 0.77500000
vt 0.14453125 0.00390625
vn 0.00000000 -1.00000000 0.00000000
v 0.19375000 0.12500000 0.80000000
vt 0.14453125 0.00195312
vn 0.00000000 -1.00000000 0.00000000
f 213/213/213 214/214/214 215/215/215 216/216/216
usemtl texture_0
v 0.81250000 0.62500000 0.77500000
vt 0.13085938 0.00195312
vn 0.00000000 -0.00000000 -1.00000000
v 0.81250000 0.12500000 0.77500000
vt 0.13085938 0.04882812
vn 0.00000000 -0.00000000 -1.00000000
v 0.80625000 0.12500000 0.77500000
vt 0.13281250 0.04882812
vn 0.00000000 -0.00000000 -1.00000000
v 0.80625000 0.62500000 0.77500000
vt 0.13281250 0.00195312
vn 0.00000000 -0.00000000 -1.00000000
f 217/217/217 218/218/218 219/219/219 220/220/220
usemtl texture_0
v 0.80625000 0.62500000 0.80000000
vt 0.13085938 0.00195312
vn 0.00000000 0.00000000 1.00000000
v 0.80625000 0.12500000 0.80000000
vt 0.13085938 0.04882812
vn 0.00000000 0.00000000 1.00000000
v 0.81250000 0.12500000 0.80000000
vt 0.13281250 0.04882812
vn 0.00000000 0.00000000 1.00000000
v 0.81250000 0.62500000 0.80000000
vt 0.13281250 0.00195312
vn 0.00000000 0.00000000 1.00000000
f 221/221/221 222/222/222 223/223/223 224/224/224
usemtl texture_0
v 0.81250000 0.62500000 0.80000000
vt 0.13085938 0.00195312
vn 1.00000000 0.00000000 0.00000000
v 0.81250000 0.12500000 0.80000000
vt 0.13085938 0.04882812
vn 1.00000000 0.00000000 0.00000000
v 0.81250000 0.12500000 0.77500000
vt 0.13281250 0.04882812
vn 1.00000000 0.00000000 0.00000000
v 0.81250000 0.62500000 0.77500000
vt 0.13281250 0.00195312
vn 1.00000000 0.00000000 0.00000000
f 225/225/225 226/226/226 227/227/227 228/228/228
usemtl texture_0
v 0.80625000 0.62500000 0.77500000
vt 0.13085938 0.00195312
vn -1.00000000 0.00000000 0.00000000
v 0.80625000 0.12500000 0.77500000
vt 0.13085938 0.04882812
vn -1.00000000 0.00000000 0.00000000
v 0.80625000 0.12500000 0.80000000
vt 0.13281250 0.04882812
vn -1.00000000 0.00000000 0.00000000
v 0.80625000 0.62500000 0.80000000
vt 0.13281250 0.00195312
vn -1.00000000 0.00000000 0.00000000
f 229/229/229 230/230/230 231/231/231 232/232/232
usemtl texture_0
v 0.80625000 0.62500000 0.77500000
vt 0.14257812 0.00195312
vn 0.00000000 1.00000000 0.00000000
v 0.80625000 0.62500000 0.80000000
vt 0.14257812 0.00390625
vn 0.00000000 1.00000000 0.00000000
v 0.81250000 0.62500000 0.80000000
vt 0.14453125 0.00390625
vn 0.00000000 1.00000000 0.00000000
v 0.81250000 0.62500000 0.77500000
vt 0.14453125 0.00195312
vn 0.00000000 1.00000000 0.00000000
f 233/233/233 234/234/234 235/235/235 236/236/236
usemtl texture_0
v 0.80625000 0.12500000 0.80000000
vt 0.14257812 0.00195312
vn 0.00000000 -1.00000000 0.00000000
v 0.80625000 0.12500000 0.77500000
vt 0.14257812 0.00390625
vn 0.00000000 -1.00000000 0.00000000
v 0.81250000 0.12500000 0.77500000
vt 0.14453125 0.00390625
vn 0.00000000 -1.00000000 0.00000000
v 0.81250000 0.12500000 0.80000000
vt 0.14453125 0.00195312
vn 0.00000000 -1.00000000 0.00000000
f 237/237/237 238/238/238 239/239/239 240/240/240
usemtl texture_0
v 0.23750000 0.62500000 0.23750000
vt 0.06250000 0.00195312
vn 0.00000000 -0.00000000 -1.00000000
v 0.23750000 0.12500000 0.23750000
vt 0.06250000 0.04882812
vn 0.00000000 -0.00000000 -1.00000000
v 0.18750000 0.12500000 0.23750000
vt 0.06640625 0.04882812
vn 0.00000000 -0.00000000 -1.00000000
v 0.18750000 0.62500000 0.23750000
vt 0.06640625 0.00195312
vn 0.00000000 -0.00000000 -1.00000000
f 241/241/241 242/242/242 243/243/243 244/244/244
usemtl texture_0
v 0.18750000 0.62500000 0.76250000
vt 0.06250000 0.00195312
vn 0.00000000 0.00000000 1.00000000
v 0.18750000 0.12500000 0.76250000
vt 0.06250000 0.04882812
vn 0.00000000 0.00000000 1.00000000
v 0.23750000 0.12500000 0.76250000
vt 0.06640625 0.04882812
vn 0.00000000 0.00000000 1.00000000
v 0.23750000 0.62500000 0.76250000
vt 0.06640625 0.00195312
vn 0.00000000 0.00000000 1.00000000
f 245/245/245 246/246/246 247/247/247 248/248/248
usemtl texture_0
v 0.23750000 0.62500000 0.76250000
vt 0.14843750 0.00195312
vn 1.00000000 0.00000000 0.00000000
v 0.23750000 0.12500000 0.76250000
vt 0.14843750 0.04882812
vn 1.00000000 0.00000000 0.00000000
v 0.23750000 0.12500000 0.23750000
vt 0.19726562 0.04882812
vn 1.00000000 0.00000000 0.00000000
v 0.23750000 0.62500000 0.23750000
vt 0.19726562 0.00195312
vn 1.00000000 0.00000000 0.00000000
f 249/249/249 250/250/250 251/251/251 252/252/252
usemtl texture_0
v 0.18750000 0.62500000 0.23750000
vt 0.14843750 0.00195312
vn -1.00000000 0.00000000 0.00000000
v 0.18750000 0.12500000 0.23750000
vt 0.14843750 0.04882812
vn -1.00000000 0.00000000 0.00000000
v 0.18750000 0.12500000 0.76250000
vt 0.19726562 0.04882812
vn -1.00000000 0.00000000 0.00000000
v 0.18750000 0.62500000 0.76250000
vt 0.19726562 0.00195312
vn -1.00000000 0.00000000 0.00000000
f 253/253/253 254/254/254 255/255/255 256/256/256
usemtl texture_0
v 0.18750000 0.62500000 0.23750000
vt 0.20117188 0.00195312
vn 0.00000000 1.00000000 0.00000000
v 0.18750000 0.62500000 0.76250000
vt 0.20117188 0.05078125
vn 0.00000000 1.00000000 0.00000000
v 0.23750000 0.62500000 0.76250000
vt 0.20507812 0.05078125
vn 0.00000000 1.00000000 0.00000000
v 0.23750000 0.62500000 0.23750000
vt 0.20507812 0.00195312
vn 0.00000000 1.00000000 0.00000000
f 257/257/257 258/258/258 259/259/259 260/260/260
usemtl texture_0
v 0.18750000 0.12500000 0.76250000
vt 0.20117188 0.00195312
vn 0.00000000 -1.00000000 0.00000000
v 0.18750000 0.12500000 0.23750000
vt 0.20117188 0.05078125
vn 0.00000000 -1.00000000 0.00000000
v 0.23750000 0.12500000 0.23750000
vt 0.20507812 0.05078125
vn 0.00000000 -1.00000000 0.00000000
v 0.23750000 0.12500000 0.76250000
vt 0.20507812 0.00195312
vn 0.00000000 -1.00000000 0.00000000
f 261/261/261 262/262/262 263/263/263 264/264/264
usemtl texture_0
v 0.81250000 0.62500000 0.23750000
vt 0.06250000 0.00195312
vn 0.00000000 -0.00000000 -1.00000000
v 0.81250000 0.12500000 0.23750000
vt 0.06250000 0.04882812
vn 0.00000000 -0.00000000 -1.00000000
v 0.76250000 0.12500000 0.23750000
vt 0.06640625 0.04882812
vn 0.00000000 -0.00000000 -1.00000000
v 0.76250000 0.62500000 0.23750000
vt 0.06640625 0.00195312
vn 0.00000000 -0.00000000 -1.00000000
f 265/265/265 266/266/266 267/267/267 268/268/268
usemtl texture_0
v 0.76250000 0.62500000 0.76250000
vt 0.06250000 0.00195312
vn 0.00000000 0.00000000 1.00000000
v 0.76250000 0.12500000 0.76250000
vt 0.06250000 0.04882812
vn 0.00000000 0.00000000 1.00000000
v 0.81250000 0.12500000 0.76250000
vt 0.06640625 0.04882812
vn 0.00000000 0.00000000 1.00000000
v 0.81250000 0.62500000 0.76250000
vt 0.06640625 0.00195312
vn 0.00000000 0.00000000 1.00000000
f 269/269/269 270/270/270 271/271/271 272/272/272
usemtl texture_0
v 0.81250000 0.62500000 0.76250000
vt 0.14843750 0.00195312
vn 1.00000000 0.00000000 0.00000000
v 0.81250000 0.12500000 0.76250000
vt 0.14843750 0.04882812
vn 1.00000000 0.00000000 0.00000000
v 0.81250000 0.12500000 0.23750000
vt 0.19726562 0.04882812
vn 1.00000000 0.00000000 0.00000000
v 0.81250000 0.62500000 0.23750000
vt 0.19726562 0.00195312
vn 1.00000000 0.00000000 0.00000000
f 273/273/273 274/274/274 275/275/275 276/276/276
usemtl texture_0
v 0.76250000 0.62500000 0.23750000
vt 0.14843750 0.00195312
vn -1.00000000 0.00000000 0.00000000
v 0.76250000 0.12500000 0.23750000
vt 0.14843750 0.04882812
vn -1.00000000 0.00000000 0.00000000
v 0.76250000 0.12500000 0.76250000
vt 0.19726562 0.04882812
vn -1.00000000 0.00000000 0.00000000
v 0.76250000 0.62500000 0.76250000
vt 0.19726562 0.00195312
vn -1.00000000 0.00000000 0.00000000
f 277/277/277 278/278/278 279/279/279 280/280/280
usemtl texture_0
v 0.76250000 0.62500000 0.23750000
vt 0.20117188 0.00195312
vn 0.00000000 1.00000000 0.00000000
v 0.76250000 0.62500000 0.76250000
vt 0.20117188 0.05078125
vn 0.00000000 1.00000000 0.00000000
v 0.81250000 0.62500000 0.76250000
vt 0.20507812 0.05078125
vn 0.00000000 1.00000000 0.00000000
v 0.81250000 0.62500000 0.23750000
vt 0.20507812 0.00195312
vn 0.00000000 1.00000000 0.00000000
f 281/281/281 282/282/282 283/283/283 284/284/284
usemtl texture_0
v 0.76250000 0.12500000 0.76250000
vt 0.20117188 0.00195312
vn 0.00000000 -1.00000000 0.00000000
v 0.76250000 0.12500000 0.23750000
vt 0.20117188 0.05078125
vn 0.00000000 -1.00000000 0.00000000
v 0.81250000 0.12500000 0.23750000
vt 0.20507812 0.05078125
vn 0.00000000 -1.00000000 0.00000000
v 0.81250000 0.12500000 0.76250000
vt 0.20507812 0.00195312
vn 0.00000000 -1.00000000 0.00000000
f 285/285/285 286/286/286 287/287/287 288/288/288
usemtl texture_0
v 0.79850000 0.67500000 0.18750000
vt 0.20898438 0.00195312
vn 0.00000000 -0.00000000 -1.00000000
v 0.79850000 0.62500000 0.18750000
vt 0.20898438 0.00585938
vn 0.00000000 -0.00000000 -1.00000000
v 0.20150000 0.62500000 0.18750000
vt 0.26562500 0.00585938
vn 0.00000000 -0.00000000 -1.00000000
v 0.20150000 0.67500000 0.18750000
vt 0.26562500 0.00195312
vn 0.00000000 -0.00000000 -1.00000000
f 289/289/289 290/290/290 291/291/291 292/292/292
usemtl texture_0
v 0.20150000 0.67500000 0.81250000
vt 0.20898438 0.00195312
vn 0.00000000 0.00000000 1.00000000
v 0.20150000 0.62500000 0.81250000
vt 0.20898438 0.00585938
vn 0.00000000 0.00000000 1.00000000
v 0.79850000 0.62500000 0.81250000
vt 0.26562500 0.00585938
vn 0.00000000 0.00000000 1.00000000
v 0.79850000 0.67500000 0.81250000
vt 0.26562500 0.00195312
vn 0.00000000 0.00000000 1.00000000
f 293/293/293 294/294/294 295/295/295 296/296/296
usemtl texture_0
v 0.79850000 0.67500000 0.81250000
vt 0.26953125 0.00195312
vn 1.00000000 0.00000000 0.00000000
v 0.79850000 0.62500000 0.81250000
vt 0.26953125 0.00585938
vn 1.00000000 0.00000000 0.00000000
v 0.79850000 0.62500000 0.18750000
vt 0.32812500 0.00585938
vn 1.00000000 0.00000000 0.00000000
v 0.79850000 0.67500000 0.18750000
vt 0.32812500 0.00195312
vn 1.00000000 0.00000000 0.00000000
f 297/297/297 298/298/298 299/299/299 300/300/300
usemtl texture_0
v 0.20150000 0.67500000 0.18750000
vt 0.26953125 0.00195312
vn -1.00000000 0.00000000 0.00000000
v 0.20150000 0.62500000 0.18750000
vt 0.26953125 0.00585938
vn -1.00000000 0.00000000 0.00000000
v 0.20150000 0.62500000 0.81250000
vt 0.32812500 0.00585938
vn -1.00000000 0.00000000 0.00000000
v 0.20150000 0.67500000 0.81250000
vt 0.32812500 0.00195312
vn -1.00000000 0.00000000 0.00000000
f 301/301/301 302/302/302 303/303/303 304/304/304
usemtl texture_0
v 0.20150000 0.67500000 0.18750000
vt 0.33203125 0.00195312
vn 0.00000000 1.00000000 0.00000000
v 0.20150000 0.67500000 0.81250000
vt 0.33203125 0.06054688
vn 0.00000000 1.00000000 0.00000000
v 0.79850000 0.67500000 0.81250000
vt 0.38867188 0.06054688
vn 0.00000000 1.00000000 0.00000000
v 0.79850000 0.67500000 0.18750000
vt 0.38867188 0.00195312
vn 0.00000000 1.00000000 0.00000000
f 305/305/305 306/306/306 307/307/307 308/308/308
usemtl texture_0
v 0.20150000 0.62500000 0.81250000
vt 0.33203125 0.00195312
vn 0.00000000 -1.00000000 0.00000000
v 0.20150000 0.62500000 0.18750000
vt 0.33203125 0.06054688
vn 0.00000000 -1.00000000 0.00000000
v 0.79850000 0.62500000 0.18750000
vt 0.38867188 0.06054688
vn 0.00000000 -1.00000000 0.00000000
v 0.79850000 0.62500000 0.81250000
vt 0.38867188 0.00195312
vn 0.00000000 -1.00000000 0.00000000
f 309/309/309 310/310/310 311/311/311 312/312/312
usemtl texture_0
v 0.20150000 0.67500000 0.19450000
vt 0.39257812 0.00195312
vn 0.00000000 -0.00000000 -1.00000000
v 0.20150000 0.62500000 0.19450000
vt 0.39257812 0.00585938
vn 0.00000000 -0.00000000 -1.00000000
v 0.19450000 0.62500000 0.19450000
vt 0.39453125 0.00585938
vn 0.00000000 -0.00000000 -1.00000000
v 0.19450000 0.67500000 0.19450000
vt 0.39453125 0.00195312
vn 0.00000000 -0.00000000 -1.00000000
f 313/313/313 314/314/314 315/315/315 316/316/316
usemtl texture_0
v 0.19450000 0.67500000 0.80550000
vt 0.39257812 0.00195312
vn 0.00000000 0.00000000 1.00000000
v 0.19450000 0.62500000 0.80550000
vt 0.39257812 0.00585938
vn 0.00000000 0.00000000 1.00000000
v 0.20150000 0.62500000 0.80550000
vt 0.39453125 0.00585938
vn 0.00000000 0.00000000 1.00000000
v 0.20150000 0.67500000 0.80550000
vt 0.39453125 0.00195312
vn 0.00000000 0.00000000 1.00000000
f 317/317/317 318/318/318 319/319/319 320/320/320
usemtl texture_0
v 0.20150000 0.67500000 0.80550000
vt 0.20898438 0.00195312
vn 1.00000000 0.00000000 0.00000000
v 0.20150000 0.62500000 0.80550000
vt 0.20898438 0.00585938
vn 1.00000000 0.00000000 0.00000000
v 0.20150000 0.62500000 0.19450000
vt 0.26562500 0.00585938
vn 1.00000000 0.00000000 0.00000000
v 0.20150000 0.67500000 0.19450000
vt 0.26562500 0.00195312
vn 1.00000000 0.00000000 0.00000000
f 321/321/321 322/322/322 323/323/323 324/324/324
usemtl texture_0
v 0.19450000 0.67500000 0.19450000
vt 0.20898438 0.00195312
vn -1.00000000 0.00000000 0.00000000
v 0.19450000 0.62500000 0.19450000
vt 0.20898438 0.00585938
vn -1.00000000 0.00000000 0.00000000
v 0.19450000 0.62500000 0.80550000
vt 0.26562500 0.00585938
vn -1.00000000 0.00000000 0.00000000
v 0.19450000 0.67500000 0.80550000
vt 0.26562500 0.00195312
vn -1.00000000 0.00000000 0.00000000
f 325/325/325 326/326/326 327/327/327 328/328/328
usemtl texture_0
v 0.19450000 0.67500000 0.19450000
vt 0.39843750 0.00195312
vn 0.00000000 1.00000000 0.00000000
v 0.19450000 0.67500000 0.80550000
vt 0.39843750 0.05859375
vn 0.00000000 1.00000000 0.00000000
v 0.20150000 0.67500000 0.80550000
vt 0.40039062 0.05859375
vn 0.00000000 1.00000000 0.00000000
v 0.20150000 0.67500000 0.19450000
vt 0.40039062 0.00195312
vn 0.00000000 1.00000000 0.00000000
f 329/329/329 330/330/330 331/331/331 332/332/332
usemtl texture_0
v 0.19450000 0.62500000 0.80550000
vt 0.39843750 0.00195312
vn 0.00000000 -1.00000000 0.00000000
v 0.19450000 0.62500000 0.19450000
vt 0.39843750 0.05859375
vn 0.00000000 -1.00000000 0.00000000
v 0.20150000 0.62500000 0.19450000
vt 0.40039062 0.05859375
vn 0.00000000 -1.00000000 0.00000000
v 0.20150000 0.62500000 0.80550000
vt 0.40039062 0.00195312
vn 0.00000000 -1.00000000 0.00000000
f 333/333/333 334/334/334 335/335/335 336/336/336
usemtl texture_0
v 0.80550000 0.67500000 0.19450000
vt 0.39257812 0.00195312
vn 0.00000000 -0.00000000 -1.00000000
v 0.80550000 0.62500000 0.19450000
vt 0.39257812 0.00585938
vn 0.00000000 -0.00000000 -1.00000000
v 0.79850000 0.62500000 0.19450000
vt 0.39453125 0.00585938
vn 0.00000000 -0.00000000 -1.00000000
v 0.79850000 0.67500000 0.19450000
vt 0.39453125 0.00195312
vn 0.00000000 -0.00000000 -1.00000000
f 337/337/337 338/338/338 339/339/339 340/340/340
usemtl texture_0
v 0.79850000 0.67500000 0.80550000
vt 0.39257812 0.00195312
vn 0.00000000 0.00000000 1.00000000
v 0.79850000 0.62500000 0.80550000
vt 0.39257812 0.00585938
vn 0.00000000 0.00000000 1.00000000
v 0.80550000 0.62500000 0.80550000
vt 0.39453125 0.00585938
vn 0.00000000 0.00000000 1.00000000
v 0.80550000 0.67500000 0.80550000
vt 0.39453125 0.00195312
vn 0.00000000 0.00000000 1.00000000
f 341/341/341 342/342/342 343/343/343 344/344/344
usemtl texture_0
v 0.80550000 0.67500000 0.80550000
vt 0.20898438 0.00195312
vn 1.00000000 0.00000000 0.00000000
v 0.80550000 0.62500000 0.80550000
vt 0.20898438 0.00585938
vn 1.00000000 0.00000000 0.00000000
v 0.80550000 0.62500000 0.19450000
vt 0.26562500 0.00585938
vn 1.00000000 0.00000000 0.00000000
v 0.80550000 0.67500000 0.19450000
vt 0.26562500 0.00195312
vn 1.00000000 0.00000000 0.00000000
f 345/345/345 346/346/346 347/347/347 348/348/348
usemtl texture_0
v 0.79850000 0.67500000 0.19450000
vt 0.20898438 0.00195312
vn -1.00000000 0.00000000 0.00000000
v 0.79850000 0.62500000 0.19450000
vt 0.20898438 0.00585938
vn -1.00000000 0.00000000 0.00000000
v 0.79850000 0.62500000 0.80550000
vt 0.26562500 0.00585938
vn -1.00000000 0.00000000 0.00000000
v 0.79850000 0.67500000 0.80550000
vt 0.26562500 0.00195312
vn -1.00000000 0.00000000 0.00000000
f 349/349/349 350/350/350 351/351/351 352/352/352
usemtl texture_0
v 0.79850000 0.67500000 0.19450000
vt 0.39843750 0.00195312
vn 0.00000000 1.00000000 0.00000000
v 0.79850000 0.67500000 0.80550000
vt 0.39843750 0.05859375
vn 0.00000000 1.00000000 0.00000000
v 0.80550000 0.67500000 0.80550000
vt 0.40039062 0.05859375
vn 0.00000000 1.00000000 0.00000000
v 0.80550000 0.67500000 0.19450000
vt 0.40039062 0.00195312
vn 0.00000000 1.00000000 0.00000000
f 353/353/353 354/354/354 355/355/355 356/356/356
usemtl texture_0
v 0.79850000 0.62500000 0.80550000
vt 0.39843750 0.00195312
vn 0.00000000 -1.00000000 0.00000000
v 0.79850000 0.62500000 0.19450000
vt 0.39843750 0.05859375
vn 0.00000000 -1.00000000 0.00000000
v 0.80550000 0.62500000 0.19450000
vt 0.40039062 0.05859375
vn 0.00000000 -1.00000000 0.00000000
v 0.80550000 0.62500000 0.80550000
vt 0.40039062 0.00195312
vn 0.00000000 -1.00000000 0.00000000
f 357/357/357 358/358/358 359/359/359 360/360/360
usemtl texture_0
v 0.19450000 0.67500000 0.20150000
vt 0.39257812 0.00195312
vn 0.00000000 -0.00000000 -1.00000000
v 0.19450000 0.62500000 0.20150000
vt 0.39257812 0.00585938
vn 0.00000000 -0.00000000 -1.00000000
v 0.18750000 0.62500000 0.20150000
vt 0.39453125 0.00585938
vn 0.00000000 -0.00000000 -1.00000000
v 0.18750000 0.67500000 0.20150000
vt 0.39453125 0.00195312
vn 0.00000000 -0.00000000 -1.00000000
f 361/361/361 362/362/362 363/363/363 364/364/364
usemtl texture_0
v 0.18750000 0.67500000 0.79850000
vt 0.39257812 0.00195312
vn 0.00000000 0.00000000 1.00000000
v 0.18750000 0.62500000 0.79850000
vt 0.39257812 0.00585938
vn 0.00000000 0.00000000 1.00000000
v 0.19450000 0.62500000 0.79850000
vt 0.39453125 0.00585938
vn 0.00000000 0.00000000 1.00000000
v 0.19450000 0.67500000 0.79850000
vt 0.39453125 0.00195312
vn 0.00000000 0.00000000 1.00000000
f 365/365/365 366/366/366 367/367/367 368/368/368
usemtl texture_0
v 0.19450000 0.67500000 0.79850000
vt 0.20898438 0.00195312
vn 1.00000000 0.00000000 0.00000000
v 0.19450000 0.62500000 0.79850000
vt 0.20898438 0.00585938
vn 1.00000000 0.00000000 0.00000000
v 0.19450000 0.62500000 0.20150000
vt 0.26562500 0.00585938
vn 1.00000000 0.00000000 0.00000000
v 0.19450000 0.67500000 0.20150000
vt 0.26562500 0.00195312
vn 1.00000000 0.00000000 0.00000000
f 369/369/369 370/370/370 371/371/371 372/372/372
usemtl texture_0
v 0.18750000 0.67500000 0.20150000
vt 0.20898438 0.00195312
vn -1.00000000 0.00000000 0.00000000
v 0.18750000 0.62500000 0.20150000
vt 0.20898438 0.00585938
vn -1.00000000 0.00000000 0.00000000
v 0.18750000 0.62500000 0.79850000
vt 0.26562500 0.00585938
vn -1.00000000 0.00000000 0.00000000
v 0.18750000 0.67500000 0.79850000
vt 0.26562500 0.00195312
vn -1.00000000 0.00000000 0.00000000
f 373/373/373 374/374/374 375/375/375 376/376/376
usemtl texture_0
v 0.18750000 0.67500000 0.20150000
vt 0.39843750 0.00195312
vn 0.00000000 1.00000000 0.00000000
v 0.18750000 0.67500000 0.79850000
vt 0.39843750 0.05859375
vn 0.00000000 1.00000000 0.00000000
v 0.19450000 0.67500000 0.79850000
vt 0.40039062 0.05859375
vn 0.00000000 1.00000000 0.00000000
v 0.19450000 0.67500000 0.20150000
vt 0.40039062 0.00195312
vn 0.00000000 1.00000000 0.00000000
f 377/377/377 378/378/378 379/379/379 380/380/380
usemtl texture_0
v 0.18750000 0.62500000 0.79850000
vt 0.39843750 0.00195312
vn 0.00000000 -1.00000000 0.00000000
v 0.18750000 0.62500000 0.20150000
vt 0.39843750 0.05859375
vn 0.00000000 -1.00000000 0.00000000
v 0.19450000 0.62500000 0.20150000
vt 0.40039062 0.05859375
vn 0.00000000 -1.00000000 0.00000000
v 0.19450000 0.62500000 0.79850000
vt 0.40039062 0.00195312
vn 0.00000000 -1.00000000 0.00000000
f 381/381/381 382/382/382 383/383/383 384/384/384
usemtl texture_0
v 0.81250000 0.67500000 0.20150000
vt 0.39257812 0.00195312
vn 0.00000000 -0.00000000 -1.00000000
v 0.81250000 0.62500000 0.20150000
vt 0.39257812 0.00585938
vn 0.00000000 -0.00000000 -1.00000000
v 0.80550000 0.62500000 0.20150000
vt 0.39453125 0.00585938
vn 0.00000000 -0.00000000 -1.00000000
v 0.80550000 0.67500000 0.20150000
vt 0.39453125 0.00195312
vn 0.00000000 -0.00000000 -1.00000000
f 385/385/385 386/386/386 387/387/387 388/388/388
usemtl texture_0
v 0.80550000 0.67500000 0.79850000
vt 0.39257812 0.00195312
vn 0.00000000 0.00000000 1.00000000
v 0.80550000 0.62500000 0.79850000
vt 0.39257812 0.00585938
vn 0.00000000 0.00000000 1.00000000
v 0.81250000 0.62500000 0.79850000
vt 0.39453125 0.00585938
vn 0.00000000 0.00000000 1.00000000
v 0.81250000 0.67500000 0.79850000
vt 0.39453125 0.00195312
vn 0.00000000 0.00000000 1.00000000
f 389/389/389 390/390/390 391/391/391 392/392/392
usemtl texture_0
v 0.81250000 0.67500000 0.79850000
vt 0.20898438 0.00195312
vn 1.00000000 0.00000000 0.00000000
v 0.81250000 0.62500000 0.79850000
vt 0.20898438 0.00585938
vn 1.00000000 0.00000000 0.00000000
v 0.81250000 0.62500000 0.20150000
vt 0.26562500 0.00585938
vn 1.00000000 0.00000000 0.00000000
v 0.81250000 0.67500000 0.20150000
vt 0.26562500 0.00195312
vn 1.00000000 0.00000000 0.00000000
f 393/393/393 394/394/394 395/395/395 396/396/396
usemtl texture_0
v 0.80550000 0.67500000 0.20150000
vt 0.20898438 0.00195312
vn -1.00000000 0.00000000 0.00000000
v 0.80550000 0.62500000 0.20150000
vt 0.20898438 0.00585938
vn -1.00000000 0.00000000 0.00000000
v 0.80550000 0.62500000 0.79850000
vt 0.26562500 0.00585938
vn -1.00000000 0.00000000 0.00000000
v 0.80550000 0.67500000 0.79850000
vt 0.26562500 0.00195312
vn -1.00000000 0.00000000 0.00000000
f 397/397/397 398/398/398 399/399/399 400/400/400
usemtl texture_0
v 0.80550000 0.67500000 0.20150000
vt 0.39843750 0.00195312
vn 0.00000000 1.00000000 0.00000000
v 0.80550000 0.67500000 0.79850000
vt 0.39843750 0.05859375
vn 0.00000000 1.00000000 0.00000000
v 0.81250000 0.67500000 0.79850000
vt 0.40039062 0.05859375
vn 0.00000000 1.00000000 0.00000000
v 0.81250000 0.67500000 0.20150000
vt 0.40039062 0.00195312
vn 0.00000000 1.00000000 0.00000000
f 401/401/401 402/402/402 403/403/403 404/404/404
usemtl texture_0
v 0.80550000 0.62500000 0.79850000
vt 0.39843750 0.00195312
vn 0.00000000 -1.00000000 0.00000000
v 0.80550000 0.62500000 0.20150000
vt 0.39843750 0.05859375
vn 0.00000000 -1.00000000 0.00000000
v 0.81250000 0.62500000 0.20150000
vt 0.40039062 0.05859375
vn 0.00000000 -1.00000000 0.00000000
v 0.81250000 0.62500000 0.79850000
vt 0.40039062 0.00195312
vn 0.00000000 -1.00000000 0.00000000
f 405/405/405 406/406/406 407/407/407 408/408/408
usemtl texture_0
v 0.66562500 0.56250000 0.16875000
vt 0.40429688 0.00195312
vn 0.00000000 -0.00000000 -1.00000000
v 0.66562500 0.15625000 0.16875000
vt 0.40429688 0.04101562
vn 0.00000000 -0.00000000 -1.00000000
v 0.22812500 0.15625000 0.16875000
vt 0.44531250 0.04101562
vn 0.00000000 -0.00000000 -1.00000000
v 0.22812500 0.56250000 0.16875000
vt 0.44531250 0.00195312
vn 0.00000000 -0.00000000 -1.00000000
f 409/409/409 410/410/410 411/411/411 412/412/412
usemtl texture_0
v 0.22812500 0.56250000 0.20625000
vt 0.40429688 0.00195312
vn 0.00000000 0.00000000 1.00000000
v 0.22812500 0.15625000 0.20625000
vt 0.40429688 0.04101562
vn 0.00000000 0.00000000 1.00000000
v 0.66562500 0.15625000 0.20625000
vt 0.44531250 0.04101562
vn 0.00000000 0.00000000 1.00000000
v 0.66562500 0.56250000 0.20625000
vt 0.44531250 0.00195312
vn 0.00000000 0.00000000 1.00000000
f 413/413/413 414/414/414 415/415/415 416/416/416
usemtl texture_0
v 0.66562500 0.56250000 0.20625000
vt 0.44921875 0.00195312
vn 1.00000000 0.00000000 0.00000000
v 0.66562500 0.15625000 0.20625000
vt 0.44921875 0.04101562
vn 1.00000000 0.00000000 0.00000000
v 0.66562500 0.15625000 0.16875000
vt 0.45312500 0.04101562
vn 1.00000000 0.00000000 0.00000000
v 0.66562500 0.56250000 0.16875000
vt 0.45312500 0.00195312
vn 1.00000000 0.00000000 0.00000000
f 417/417/417 418/418/418 419/419/419 420/420/420
usemtl texture_0
v 0.22812500 0.56250000 0.16875000
vt 0.44921875 0.00195312
vn -1.00000000 0.00000000 0.00000000
v 0.22812500 0.15625000 0.16875000
vt 0.44921875 0.04101562
vn -1.00000000 0.00000000 0.00000000
v 0.22812500 0.15625000 0.20625000
vt 0.45312500 0.04101562
vn -1.00000000 0.00000000 0.00000000
v 0.22812500 0.56250000 0.20625000
vt 0.45312500 0.00195312
vn -1.00000000 0.00000000 0.00000000
f 421/421/421 422/422/422 423/423/423 424/424/424
usemtl texture_0
v 0.22812500 0.56250000 0.16875000
vt 0.45703125 0.00195312
vn 0.00000000 1.00000000 0.00000000
v 0.22812500 0.56250000 0.20625000
vt 0.45703125 0.00585938
vn 0.00000000 1.00000000 0.00000000
v 0.66562500 0.56250000 0.20625000
vt 0.49804688 0.00585938
vn 0.00000000 1.00000000 0.00000000
v 0.66562500 0.56250000 0.16875000
vt 0.49804688 0.00195312
vn 0.00000000 1.00000000 0.00000000
f 425/425/425 426/426/426 427/427/427 428/428/428
usemtl texture_0
v 0.22812500 0.15625000 0.20625000
vt 0.45703125 0.00195312
vn 0.00000000 -1.00000000 0.00000000
v 0.22812500 0.15625000 0.16875000
vt 0.45703125 0.00585938
vn 0.00000000 -1.00000000 0.00000000
v 0.66562500 0.15625000 0.16875000
vt 0.49804688 0.00585938
vn 0.00000000 -1.00000000 0.00000000
v 0.66562500 0.15625000 0.20625000
vt 0.49804688 0.00195312
vn 0.00000000 -1.00000000 0.00000000
f 429/429/429 430/430/430 431/431/431 432/432/432
usemtl texture_0
v 0.22812500 0.56250000 0.17343750
vt 0.50195312 0.00195312
vn 0.00000000 -0.00000000 -1.00000000
v 0.22812500 0.15625000 0.17343750
vt 0.50195312 0.04101562
vn 0.00000000 -0.00000000 -1.00000000
v 0.22343750 0.15625000 0.17343750
vt 0.50390625 0.04101562
vn 0.00000000 -0.00000000 -1.00000000
v 0.22343750 0.56250000 0.17343750
vt 0.50390625 0.00195312
vn 0.00000000 -0.00000000 -1.00000000
f 433/433/433 434/434/434 435/435/435 436/436/436
usemtl texture_0
v 0.22343750 0.56250000 0.20156250
vt 0.50195312 0.00195312
vn 0.00000000 0.00000000 1.00000000
v 0.22343750 0.15625000 0.20156250
vt 0.50195312 0.04101562
vn 0.00000000 0.00000000 1.00000000
v 0.22812500 0.15625000 0.20156250
vt 0.50390625 0.04101562
vn 0.00000000 0.00000000 1.00000000
v 0.22812500 0.56250000 0.20156250
vt 0.50390625 0.00195312
vn 0.00000000 0.00000000 1.00000000
f 437/437/437 438/438/438 439/439/439 440/440/440
usemtl texture_0
v 0.22812500 0.56250000 0.20156250
vt 0.50195312 0.00195312
vn 1.00000000 0.00000000 0.00000000
v 0.22812500 0.15625000 0.20156250
vt 0.50195312 0.04101562
vn 1.00000000 0.00000000 0.00000000
v 0.22812500 0.15625000 0.17343750
vt 0.50390625 0.04101562
vn 1.00000000 0.00000000 0.00000000
v 0.22812500 0.56250000 0.17343750
vt 0.50390625 0.00195312
vn 1.00000000 0.00000000 0.00000000
f 441/441/441 442/442/442 443/443/443 444/444/444
usemtl texture_0
v 0.22343750 0.56250000 0.17343750
vt 0.50195312 0.00195312
vn -1.00000000 0.00000000 0.00000000
v 0.22343750 0.15625000 0.17343750
vt 0.50195312 0.04101562
vn -1.00000000 0.00000000 0.00000000
v 0.22343750 0.15625000 0.20156250
vt 0.50390625 0.04101562
vn -1.00000000 0.00000000 0.00000000
v 0.22343750 0.56250000 0.20156250
vt 0.50390625 0.00195312
vn -1.00000000 0.00000000 0.00000000
f 445/445/445 446/446/446 447/447/447 448/448/448
usemtl texture_0
v 0.22343750 0.56250000 0.17343750
vt 0.50781250 0.00195312
vn 0.00000000 1.00000000 0.00000000
v 0.22343750 0.56250000 0.20156250
vt 0.50781250 0.00390625
vn 0.00000000 1.00000000 0.00000000
v 0.22812500 0.56250000 0.20156250
vt 0.50976562 0.00390625
vn 0.00000000 1.00000000 0.00000000
v 0.22812500 0.56250000 0.17343750
vt 0.50976562 0.00195312
vn 0.00000000 1.00000000 0.00000000
f 449/449/449 450/450/450 451/451/451 452/452/452
usemtl texture_0
v 0.22343750 0.15625000 0.20156250
vt 0.50781250 0.00195312
vn 0.00000000 -1.00000000 0.00000000
v 0.22343750 0.15625000 0.17343750
vt 0.50781250 0.00390625
vn 0.00000000 -1.00000000 0.00000000
v 0.22812500 0.15625000 0.17343750
vt 0.50976562 0.00390625
vn 0.00000000 -1.00000000 0.00000000
v 0.22812500 0.15625000 0.20156250
vt 0.50976562 0.00195312
vn 0.00000000 -1.00000000 0.00000000
f 453/453/453 454/454/454 455/455/455 456/456/456
usemtl texture_0
v 0.67031250 0.56250000 0.17343750
vt 0.50195312 0.00195312
vn 0.00000000 -0.00000000 -1.00000000
v 0.67031250 0.15625000 0.17343750
vt 0.50195312 0.04101562
vn 0.00000000 -0.00000000 -1.00000000
v 0.66562500 0.15625000 0.17343750
vt 0.50390625 0.04101562
vn 0.00000000 -0.00000000 -1.00000000
v 0.66562500 0.56250000 0.17343750
vt 0.50390625 0.00195312
vn 0.00000000 -0.00000000 -1.00000000
f 457/457/457 458/458/458 459/459/459 460/460/460
usemtl texture_0
v 0.66562500 0.56250000 0.20156250
vt 0.50195312 0.00195312
vn 0.00000000 0.00000000 1.00000000
v 0.66562500 0.15625000 0.20156250
vt 0.50195312 0.04101562
vn 0.00000000 0.00000000 1.00000000
v 0.67031250 0.15625000 0.20156250
vt 0.50390625 0.04101562
vn 0.00000000 0.00000000 1.00000000
v 0.67031250 0.56250000 0.20156250
vt 0.50390625 0.00195312
vn 0.00000000 0.00000000 1.00000000
f 461/461/461 462/462/462 463/463/463 464/464/464
usemtl texture_0
v 0.67031250 0.56250000 0.20156250
vt 0.50195312 0.00195312
vn 1.00000000 0.00000000 0.00000000
v 0.67031250 0.15625000 0.20156250
vt 0.50195312 0.04101562
vn 1.00000000 0.00000000 0.00000000
v 0.67031250 0.15625000 0.17343750
vt 0.50390625 0.04101562
vn 1.00000000 0.00000000 0.00000000
v 0.67031250 0.56250000 0.17343750
vt 0.50390625 0.00195312
vn 1.00000000 0.00000000 0.00000000
f 465/465/465 466/466/466 467/467/467 468/468/468
usemtl texture_0
v 0.66562500 0.56250000 0.17343750
vt 0.50195312 0.00195312
vn -1.00000000 0.00000000 0.00000000
v 0.66562500 0.15625000 0.17343750
vt 0.50195312 0.04101562
vn -1.00000000 0.00000000 0.00000000
v 0.66562500 0.15625000 0.20156250
vt 0.50390625 0.04101562
vn -1.00000000 0.00000000 0.00000000
v 0.66562500 0.56250000 0.20156250
vt 0.50390625 0.00195312
vn -1.00000000 0.00000000 0.00000000
f 469/469/469 470/470/470 471/471/471 472/472/472
usemtl texture_0
v 0.66562500 0.56250000 0.17343750
vt 0.50781250 0.00195312
vn 0.00000000 1.00000000 0.00000000
v 0.66562500 0.56250000 0.20156250
vt 0.50781250 0.00390625
vn 0.00000000 1.00000000 0.00000000
v 0.67031250 0.56250000 0.20156250
vt 0.50976562 0.00390625
vn 0.00000000 1.00000000 0.00000000
v 0.67031250 0.56250000 0.17343750
vt 0.50976562 0.00195312
vn 0.00000000 1.00000000 0.00000000
f 473/473/473 474/474/474 475/475/475 476/476/476
usemtl texture_0
v 0.66562500 0.15625000 0.20156250
vt 0.50781250 0.00195312
vn 0.00000000 -1.00000000 0.00000000
v 0.66562500 0.15625000 0.17343750
vt 0.50781250 0.00390625
vn 0.00000000 -1.00000000 0.00000000
v 0.67031250 0.15625000 0.17343750
vt 0.50976562 0.00390625
vn 0.00000000 -1.00000000 0.00000000
v 0.67031250 0.15625000 0.20156250
vt 0.50976562 0.00195312
vn 0.00000000 -1.00000000 0.00000000
f 477/477/477 478/478/478 479/479/479 480/480/480
usemtl texture_0
v 0.22343750 0.56250000 0.17812500
vt 0.50195312 0.00195312
vn 0.00000000 -0.00000000 -1.00000000
v 0.22343750 0.15625000 0.17812500
vt 0.50195312 0.04101562
vn 0.00000000 -0.00000000 -1.00000000
v 0.21875000 0.15625000 0.17812500
vt 0.50390625 0.04101562
vn 0.00000000 -0.00000000 -1.00000000
v 0.21875000 0.56250000 0.17812500
vt 0.50390625 0.00195312
vn 0.00000000 -0.00000000 -1.00000000
f 481/481/481 482/482/482 483/483/483 484/484/484
usemtl texture_0
v 0.21875000 0.56250000 0.19687500
vt 0.50195312 0.00195312
vn 0.00000000 0.00000000 1.00000000
v 0.21875000 0.15625000 0.19687500
vt 0.50195312 0.04101562
vn 0.00000000 0.00000000 1.00000000
v 0.22343750 0.15625000 0.19687500
vt 0.50390625 0.04101562
vn 0.00000000 0.00000000 1.00000000
v 0.22343750 0.56250000 0.19687500
vt 0.50390625 0.00195312
vn 0.00000000 0.00000000 1.00000000
f 485/485/485 486/486/486 487/487/487 488/488/488
usemtl texture_0
v 0.22343750 0.56250000 0.19687500
vt 0.50195312 0.00195312
vn 1.00000000 0.00000000 0.00000000
v 0.22343750 0.15625000 0.19687500
vt 0.50195312 0.04101562
vn 1.00000000 0.00000000 0.00000000
v 0.22343750 0.15625000 0.17812500
vt 0.50390625 0.04101562
vn 1.00000000 0.00000000 0.00000000
v 0.22343750 0.56250000 0.17812500
vt 0.50390625 0.00195312
vn 1.00000000 0.00000000 0.00000000
f 489/489/489 490/490/490 491/491/491 492/492/492
usemtl texture_0
v 0.21875000 0.56250000 0.17812500
vt 0.50195312 0.00195312
vn -1.00000000 0.00000000 0.00000000
v 0.21875000 0.15625000 0.17812500
vt 0.50195312 0.04101562
vn -1.00000000 0.00000000 0.00000000
v 0.21875000 0.15625000 0.19687500
vt 0.50390625 0.04101562
vn -1.00000000 0.00000000 0.00000000
v 0.21875000 0.56250000 0.19687500
vt 0.50390625 0.00195312
vn -1.00000000 0.00000000 0.00000000
f 493/493/493 494/494/494 495/495/495 496/496/496
usemtl texture_0
v 0.21875000 0.56250000 0.17812500
vt 0.50781250 0.00195312
vn 0.00000000 1.00000000 0.00000000
v 0.21875000 0.56250000 0.19687500
vt 0.50781250 0.00390625
vn 0.00000000 1.00000000 0.00000000
v 0.22343750 0.56250000 0.19687500
vt 0.50976562 0.00390625
vn 0.00000000 1.00000000 0.00000000
v 0.22343750 0.56250000 0.17812500
vt 0.50976562 0.00195312
vn 0.00000000 1.00000000 0.00000000
f 497/497/497 498/498/498 499/499/499 500/500/500
usemtl texture_0
v 0.21875000 0.15625000 0.19687500
vt 0.50781250 0.00195312
vn 0.00000000 -1.00000000 0.00000000
v 0.21875000 0.15625000 0.17812500
vt 0.50781250 0.00390625
vn 0.00000000 -1.00000000 0.00000000
v 0.22343750 0.15625000 0.17812500
vt 0.50976562 0.00390625
vn 0.00000000 -1.00000000 0.00000000
v 0.22343750 0.15625000 0.19687500
vt 0.50976562 0.00195312
vn 0.00000000 -1.00000000 0.00000000
f 501/501/501 502/502/502 503/503/503 504/504/504
usemtl texture_0
v 0.67500000 0.56250000 0.17812500
vt 0.50195312 0.00195312
vn 0.00000000 -0.00000000 -1.00000000
v 0.67500000 0.15625000 0.17812500
vt 0.50195312 0.04101562
vn 0.00000000 -0.00000000 -1.00000000
v 0.67031250 0.15625000 0.17812500
vt 0.50390625 0.04101562
vn 0.00000000 -0.00000000 -1.00000000
v 0.67031250 0.56250000 0.17812500
vt 0.50390625 0.00195312
vn 0.00000000 -0.00000000 -1.00000000
f 505/505/505 506/506/506 507/507/507 508/508/508
usemtl texture_0
v 0.67031250 0.56250000 0.19687500
vt 0.50195312 0.00195312
vn 0.00000000 0.00000000 1.00000000
v 0.67031250 0.15625000 0.19687500
vt 0.50195312 0.04101562
vn 0.00000000 0.00000000 1.00000000
v 0.67500000 0.15625000 0.19687500
vt 0.50390625 0.04101562
vn 0.00000000 0.00000000 1.00000000
v 0.67500000 0.56250000 0.19687500
vt 0.50390625 0.00195312
vn 0.00000000 0.00000000 1.00000000
f 509/509/509 510/510/510 511/511/511 512/512/512
usemtl texture_0
v 0.67500000 0.56250000 0.19687500
vt 0.50195312 0.00195312
vn 1.00000000 0.00000000 0.00000000
v 0.67500000 0.15625000 0.19687500
vt 0.50195312 0.04101562
vn 1.00000000 0.00000000 0.00000000
v 0.67500000 0.15625000 0.17812500
vt 0.50390625 0.04101562
vn 1.00000000 0.00000000 0.00000000
v 0.67500000 0.56250000 0.17812500
vt 0.50390625 0.00195312
vn 1.00000000 0.00000000 0.00000000
f 513/513/513 514/514/514 515/515/515 516/516/516
usemtl texture_0
v 0.67031250 0.56250000 0.17812500
vt 0.50195312 0.00195312
vn -1.00000000 0.00000000 0.00000000
v 0.67031250 0.15625000 0.17812500
vt 0.50195312 0.04101562
vn -1.00000000 0.00000000 0.00000000
v 0.67031250 0.15625000 0.19687500
vt 0.50390625 0.04101562
vn -1.00000000 0.00000000 0.00000000
v 0.67031250 0.56250000 0.19687500
vt 0.50390625 0.00195312
vn -1.00000000 0.00000000 0.00000000
f 517/517/517 518/518/518 519/519/519 520/520/520
usemtl texture_0
v 0.67031250 0.56250000 0.17812500
vt 0.50781250 0.00195312
vn 0.00000000 1.00000000 0.00000000
v 0.67031250 0.56250000 0.19687500
vt 0.50781250 0.00390625
vn 0.00000000 1.00000000 0.00000000
v 0.67500000 0.56250000 0.19687500
vt 0.50976562 0.00390625
vn 0.00000000 1.00000000 0.00000000
v 0.67500000 0.56250000 0.17812500
vt 0.50976562 0.00195312
vn 0.00000000 1.00000000 0.00000000
f 521/521/521 522/522/522 523/523/523 524/524/524
usemtl texture_0
v 0.67031250 0.15625000 0.19687500
vt 0.50781250 0.00195312
vn 0.00000000 -1.00000000 0.00000000
v 0.67031250 0.15625000 0.17812500
vt 0.50781250 0.00390625
vn 0.00000000 -1.00000000 0.00000000
v 0.67500000 0.15625000 0.17812500
vt 0.50976562 0.00390625
vn 0.00000000 -1.00000000 0.00000000
v 0.67500000 0.15625000 0.19687500
vt 0.50976562 0.00195312
vn 0.00000000 -1.00000000 0.00000000
f 525/525/525 526/526/526 527/527/527 528/528/528
usemtl texture_0
v 0.63750000 0.52500000 0.14687500
vt 0.51367188 0.00195312
vn 0.00000000 -0.00000000 -1.00000000
v 0.63750000 0.19375000 0.14687500
vt 0.51367188 0.03320312
vn 0.00000000 -0.00000000 -1.00000000
v 0.25625000 0.19375000 0.14687500
vt 0.54882812 0.03320312
vn 0.00000000 -0.00000000 -1.00000000
v 0.25625000 0.52500000 0.14687500
vt 0.54882812 0.00195312
vn 0.00000000 -0.00000000 -1.00000000
f 529/529/529 530/530/530 531/531/531 532/532/532
usemtl texture_0
v 0.25625000 0.52500000 0.16562500
vt 0.51367188 0.00195312
vn 0.00000000 0.00000000 1.00000000
v 0.25625000 0.19375000 0.16562500
vt 0.51367188 0.03320312
vn 0.00000000 0.00000000 1.00000000
v 0.63750000 0.19375000 0.16562500
vt 0.54882812 0.03320312
vn 0.00000000 0.00000000 1.00000000
v 0.63750000 0.52500000 0.16562500
vt 0.54882812 0.00195312
vn 0.00000000 0.00000000 1.00000000
f 533/533/533 534/534/534 535/535/535 536/536/536
usemtl texture_0
v 0.63750000 0.52500000 0.16562500
vt 0.55273438 0.00195312
vn 1.00000000 0.00000000 0.00000000
v 0.63750000 0.19375000 0.16562500
vt 0.55273438 0.03320312
vn 1.00000000 0.00000000 0.00000000
v 0.63750000 0.19375000 0.14687500
vt 0.55468750 0.03320312
vn 1.00000000 0.00000000 0.00000000
v 0.63750000 0.52500000 0.14687500
vt 0.55468750 0.00195312
vn 1.00000000 0.00000000 0.00000000
f 537/537/537 538/538/538 539/539/539 540/540/540
usemtl texture_0
v 0.25625000 0.52500000 0.14687500
vt 0.55273438 0.00195312
vn -1.00000000 0.00000000 0.00000000
v 0.25625000 0.19375000 0.14687500
vt 0.55273438 0.03320312
vn -1.00000000 0.00000000 0.00000000
v 0.25625000 0.19375000 0.16562500
vt 0.55468750 0.03320312
vn -1.00000000 0.00000000 0.00000000
v 0.25625000 0.52500000 0.16562500
vt 0.55468750 0.00195312
vn -1.00000000 0.00000000 0.00000000
f 541/541/541 542/542/542 543/543/543 544/544/544
usemtl texture_0
v 0.25625000 0.52500000 0.14687500
vt 0.55859375 0.00195312
vn 0.00000000 1.00000000 0.00000000
v 0.25625000 0.52500000 0.16562500
vt 0.55859375 0.00390625
vn 0.00000000 1.00000000 0.00000000
v 0.63750000 0.52500000 0.16562500
vt 0.59375000 0.00390625
vn 0.00000000 1.00000000 0.00000000
v 0.63750000 0.52500000 0.14687500
vt 0.59375000 0.00195312
vn 0.00000000 1.00000000 0.00000000
f 545/545/545 546/546/546 547/547/547 548/548/548
usemtl texture_0
v 0.25625000 0.19375000 0.16562500
vt 0.55859375 0.00195312
vn 0.00000000 -1.00000000 0.00000000
v 0.25625000 0.19375000 0.14687500
vt 0.55859375 0.00390625
vn 0.00000000 -1.00000000 0.00000000
v 0.63750000 0.19375000 0.14687500
vt 0.59375000 0.00390625
vn 0.00000000 -1.00000000 0.00000000
v 0.63750000 0.19375000 0.16562500
vt 0.59375000 0.00195312
vn 0.00000000 -1.00000000 0.00000000
f 549/549/549 550/550/550 551/551/551 552/552/552
usemtl texture_0
v 0.76562500 0.37500000 0.16250000
vt 0.59765625 0.00195312
vn 0.00000000 -0.00000000 -1.00000000
v 0.76562500 0.31250000 0.16250000
vt 0.59765625 0.00781250
vn 0.00000000 -0.00000000 -1.00000000
v 0.70312500 0.31250000 0.16250000
vt 0.60351562 0.00781250
vn 0.00000000 -0.00000000 -1.00000000
v 0.70312500 0.37500000 0.16250000
vt 0.60351562 0.00195312
vn 0.00000000 -0.00000000 -1.00000000
f 553/553/553 554/554/554 555/555/555 556/556/556
usemtl texture_0
v 0.70312500 0.37500000 0.20000000
vt 0.59765625 0.00195312
vn 0.00000000 0.00000000 1.00000000
v 0.70312500 0.31250000 0.20000000
vt 0.59765625 0.00781250
vn 0.00000000 0.00000000 1.00000000
v 0.76562500 0.31250000 0.20000000
vt 0.60351562 0.00781250
vn 0.00000000 0.00000000 1.00000000
v 0.76562500 0.37500000 0.20000000
vt 0.60351562 0.00195312
vn 0.00000000 0.00000000 1.00000000
f 557/557/557 558/558/558 559/559/559 560/560/560
usemtl texture_0
v 0.76562500 0.37500000 0.20000000
vt 0.60742188 0.00195312
vn 1.00000000 0.00000000 0.00000000
v 0.76562500 0.31250000 0.20000000
vt 0.60742188 0.00781250
vn 1.00000000 0.00000000 0.00000000
v 0.76562500 0.31250000 0.16250000
vt 0.61132812 0.00781250
vn 1.00000000 0.00000000 0.00000000
v 0.76562500 0.37500000 0.16250000
vt 0.61132812 0.00195312
vn 1.00000000 0.00000000 0.00000000
f 561/561/561 562/562/562 563/563/563 564/564/564
usemtl texture_0
v 0.70312500 0.37500000 0.16250000
vt 0.60742188 0.00195312
vn -1.00000000 0.00000000 0.00000000
v 0.70312500 0.31250000 0.16250000
vt 0.60742188 0.00781250
vn -1.00000000 0.00000000 0.00000000
v 0.70312500 0.31250000 0.20000000
vt 0.61132812 0.00781250
vn -1.00000000 0.00000000 0.00000000
v 0.70312500 0.37500000 0.20000000
vt 0.61132812 0.00195312
vn -1.00000000 0.00000000 0.00000000
f 565/565/565 566/566/566 567/567/567 568/568/568
usemtl texture_0
v 0.70312500 0.37500000 0.16250000
vt 0.61523438 0.00195312
vn 0.00000000 1.00000000 0.00000000
v 0.70312500 0.37500000 0.20000000
vt 0.61523438 0.00585938
vn 0.00000000 1.00000000 0.00000000
v 0.76562500 0.37500000 0.20000000
vt 0.62109375 0.00585938
vn 0.00000000 1.00000000 0.00000000
v 0.76562500 0.37500000 0.16250000
vt 0.62109375 0.00195312
vn 0.00000000 1.00000000 0.00000000
f 569/569/569 570/570/570 571/571/571 572/572/572
usemtl texture_0
v 0.70312500 0.31250000 0.20000000
vt 0.61523438 0.00195312
vn 0.00000000 -1.00000000 0.00000000
v 0.70312500 0.31250000 0.16250000
vt 0.61523438 0.00585938
vn 0.00000000 -1.00000000 0.00000000
v 0.76562500 0.31250000 0.16250000
vt 0.62109375 0.00585938
vn 0.00000000 -1.00000000 0.00000000
v 0.76562500 0.31250000 0.20000000
vt 0.62109375 0.00195312
vn 0.00000000 -1.00000000 0.00000000
f 573/573/573 574/574/574 575/575/575 576/576/576
usemtl texture_0
v 0.76562500 0.56250000 0.16250000
vt 0.59765625 0.00195312
vn 0.00000000 -0.00000000 -1.00000000
v 0.76562500 0.50000000 0.16250000
vt 0.59765625 0.00781250
vn 0.00000000 -0.00000000 -1.00000000
v 0.70312500 0.50000000 0.16250000
vt 0.60351562 0.00781250
vn 0.00000000 -0.00000000 -1.00000000
v 0.70312500 0.56250000 0.16250000
vt 0.60351562 0.00195312
vn 0.00000000 -0.00000000 -1.00000000
f 577/577/577 578/578/578 579/579/579 580/580/580
usemtl texture_0
v 0.70312500 0.56250000 0.20000000
vt 0.59765625 0.00195312
vn 0.00000000 0.00000000 1.00000000
v 0.70312500 0.50000000 0.20000000
vt 0.59765625 0.00781250
vn 0.00000000 0.00000000 1.00000000
v 0.76562500 0.50000000 0.20000000
vt 0.60351562 0.00781250
vn 0.00000000 0.00000000 1.00000000
v 0.76562500 0.56250000 0.20000000
vt 0.60351562 0.00195312
vn 0.00000000 0.00000000 1.00000000
f 581/581/581 582/582/582 583/583/583 584/584/584
usemtl texture_0
v 0.76562500 0.56250000 0.20000000
vt 0.60742188 0.00195312
vn 1.00000000 0.00000000 0.00000000
v 0.76562500 0.50000000 0.20000000
vt 0.60742188 0.00781250
vn 1.00000000 0.00000000 0.00000000
v 0.76562500 0.50000000 0.16250000
vt 0.61132812 0.00781250
vn 1.00000000 0.00000000 0.00000000
v 0.76562500 0.56250000 0.16250000
vt 0.61132812 0.00195312
vn 1.00000000 0.00000000 0.00000000
f 585/585/585 586/586/586 587/587/587 588/588/588
usemtl texture_0
v 0.70312500 0.56250000 0.16250000
vt 0.60742188 0.00195312
vn -1.00000000 0.00000000 0.00000000
v 0.70312500 0.50000000 0.16250000
vt 0.60742188 0.00781250
vn -1.00000000 0.00000000 0.00000000
v 0.70312500 0.50000000 0.20000000
vt 0.61132812 0.00781250
vn -1.00000000 0.00000000 0.00000000
v 0.70312500 0.56250000 0.20000000
vt 0.61132812 0.00195312
vn -1.00000000 0.00000000 0.00000000
f 589/589/589 590/590/590 591/591/591 592/592/592
usemtl texture_0
v 0.70312500 0.56250000 0.16250000
vt 0.61523438 0.00195312
vn 0.00000000 1.00000000 0.00000000
v 0.70312500 0.56250000 0.20000000
vt 0.61523438 0.00585938
vn 0.00000000 1.00000000 0.00000000
v 0.76562500 0.56250000 0.20000000
vt 0.62109375 0.00585938
vn 0.00000000 1.00000000 0.00000000
v 0.76562500 0.56250000 0.16250000
vt 0.62109375 0.00195312
vn 0.00000000 1.00000000 0.00000000
f 593/593/593 594/594/594 595/595/595 596/596/596
usemtl texture_0
v 0.70312500 0.50000000 0.20000000
vt 0.61523438 0.00195312
vn 0.00000000 -1.00000000 0.00000000
v 0.70312500 0.50000000 0.16250000
vt 0.61523438 0.00585938
vn 0.00000000 -1.00000000 0.00000000
v 0.76562500 0.50000000 0.16250000
vt 0.62109375 0.00585938
vn 0.00000000 -1.00000000 0.00000000
v 0.76562500 0.50000000 0.20000000
vt 0.62109375 0.00195312
vn 0.00000000 -1.00000000 0.00000000
f 597/597/597 598/598/598 599/599/599 600/600/600
usemtl texture_0
v 0.77812500 0.21250000 0.18000000
vt 0.62500000 0.00195312
vn 0.00000000 -0.00000000 -1.00000000
v 0.77812500 0.20000000 0.18000000
vt 0.62500000 0.00390625
vn 0.00000000 -0.00000000 -1.00000000
v 0.69687500 0.20000000 0.18000000
vt 0.63281250 0.00390625
vn 0.00000000 -0.00000000 -1.00000000
v 0.69687500 0.21250000 0.18000000
vt 0.63281250 0.00195312
vn 0.00000000 -0.00000000 -1.00000000
f 601/601/601 602/602/602 603/603/603 604/604/604
usemtl texture_0
v 0.69687500 0.21250000 0.19250000
vt 0.62500000 0.00195312
vn 0.00000000 0.00000000 1.00000000
v 0.69687500 0.20000000 0.19250000
vt 0.62500000 0.00390625
vn 0.00000000 0.00000000 1.00000000
v 0.77812500 0.20000000 0.19250000
vt 0.63281250 0.00390625
vn 0.00000000 0.00000000 1.00000000
v 0.77812500 0.21250000 0.19250000
vt 0.63281250 0.00195312
vn 0.00000000 0.00000000 1.00000000
f 605/605/605 606/606/606 607/607/607 608/608/608
usemtl texture_0
v 0.77812500 0.21250000 0.19250000
vt 0.63671875 0.00195312
vn 1.00000000 0.00000000 0.00000000
v 0.77812500 0.20000000 0.19250000
vt 0.63671875 0.00390625
vn 1.00000000 0.00000000 0.00000000
v 0.77812500 0.20000000 0.18000000
vt 0.63867188 0.00390625
vn 1.00000000 0.00000000 0.00000000
v 0.77812500 0.21250000 0.18000000
vt 0.63867188 0.00195312
vn 1.00000000 0.00000000 0.00000000
f 609/609/609 610/610/610 611/611/611 612/612/612
usemtl texture_0
v 0.69687500 0.21250000 0.18000000
vt 0.63671875 0.00195312
vn -1.00000000 0.00000000 0.00000000
v 0.69687500 0.20000000 0.18000000
vt 0.63671875 0.00390625
vn -1.00000000 0.00000000 0.00000000
v 0.69687500 0.20000000 0.19250000
vt 0.63867188 0.00390625
vn -1.00000000 0.00000000 0.00000000
v 0.69687500 0.21250000 0.19250000
vt 0.63867188 0.00195312
vn -1.00000000 0.00000000 0.00000000
f 613/613/613 614/614/614 615/615/615 616/616/616
usemtl texture_0
v 0.69687500 0.21250000 0.18000000
vt 0.64257812 0.00195312
vn 0.00000000 1.00000000 0.00000000
v 0.69687500 0.21250000 0.19250000
vt 0.64257812 0.00390625
vn 0.00000000 1.00000000 0.00000000
v 0.77812500 0.21250000 0.19250000
vt 0.65039062 0.00390625
vn 0.00000000 1.00000000 0.00000000
v 0.77812500 0.21250000 0.18000000
vt 0.65039062 0.00195312
vn 0.00000000 1.00000000 0.00000000
f 617/617/617 618/618/618 619/619/619 620/620/620
usemtl texture_0
v 0.69687500 0.20000000 0.19250000
vt 0.64257812 0.00195312
vn 0.00000000 -1.00000000 0.00000000
v 0.69687500 0.20000000 0.18000000
vt 0.64257812 0.00390625
vn 0.00000000 -1.00000000 0.00000000
v 0.77812500 0.20000000 0.18000000
vt 0.65039062 0.00390625
vn 0.00000000 -1.00000000 0.00000000
v 0.77812500 0.20000000 0.19250000
vt 0.65039062 0.00195312
vn 0.00000000 -1.00000000 0.00000000
f 621/621/621 622/622/622 623/623/623 624/624/624
usemtl texture_0
v 0.77812500 0.25000000 0.18000000
vt 0.62500000 0.00195312
vn 0.00000000 -0.00000000 -1.00000000
v 0.77812500 0.23750000 0.18000000
vt 0.62500000 0.00390625
vn 0.00000000 -0.00000000 -1.00000000
v 0.69687500 0.23750000 0.18000000
vt 0.63281250 0.00390625
vn 0.00000000 -0.00000000 -1.00000000
v 0.69687500 0.25000000 0.18000000
vt 0.63281250 0.00195312
vn 0.00000000 -0.00000000 -1.00000000
f 625/625/625 626/626/626 627/627/627 628/628/628
usemtl texture_0
v 0.69687500 0.25000000 0.19250000
vt 0.62500000 0.00195312
vn 0.00000000 0.00000000 1.00000000
v 0.69687500 0.23750000 0.19250000
vt 0.62500000 0.00390625
vn 0.00000000 0.00000000 1.00000000
v 0.77812500 0.23750000 0.19250000
vt 0.63281250 0.00390625
vn 0.00000000 0.00000000 1.00000000
v 0.77812500 0.25000000 0.19250000
vt 0.63281250 0.00195312
vn 0.00000000 0.00000000 1.00000000
f 629/629/629 630/630/630 631/631/631 632/632/632
usemtl texture_0
v 0.77812500 0.25000000 0.19250000
vt 0.63671875 0.00195312
vn 1.00000000 0.00000000 0.00000000
v 0.77812500 0.23750000 0.19250000
vt 0.63671875 0.00390625
vn 1.00000000 0.00000000 0.00000000
v 0.77812500 0.23750000 0.18000000
vt 0.63867188 0.00390625
vn 1.00000000 0.00000000 0.00000000
v 0.77812500 0.25000000 0.18000000
vt 0.63867188 0.00195312
vn 1.00000000 0.00000000 0.00000000
f 633/633/633 634/634/634 635/635/635 636/636/636
usemtl texture_0
v 0.69687500 0.25000000 0.18000000
vt 0.63671875 0.00195312
vn -1.00000000 0.00000000 0.00000000
v 0.69687500 0.23750000 0.18000000
vt 0.63671875 0.00390625
vn -1.00000000 0.00000000 0.00000000
v 0.69687500 0.23750000 0.19250000
vt 0.63867188 0.00390625
vn -1.00000000 0.00000000 0.00000000
v 0.69687500 0.25000000 0.19250000
vt 0.63867188 0.00195312
vn -1.00000000 0.00000000 0.00000000
f 637/637/637 638/638/638 639/639/639 640/640/640
usemtl texture_0
v 0.69687500 0.25000000 0.18000000
vt 0.64257812 0.00195312
vn 0.00000000 1.00000000 0.00000000
v 0.69687500 0.25000000 0.19250000
vt 0.64257812 0.00390625
vn 0.00000000 1.00000000 0.00000000
v 0.77812500 0.25000000 0.19250000
vt 0.65039062 0.00390625
vn 0.00000000 1.00000000 0.00000000
v 0.77812500 0.25000000 0.18000000
vt 0.65039062 0.00195312
vn 0.00000000 1.00000000 0.00000000
f 641/641/641 642/642/642 643/643/643 644/644/644
usemtl texture_0
v 0.69687500 0.23750000 0.19250000
vt 0.64257812 0.00195312
vn 0.00000000 -1.00000000 0.00000000
v 0.69687500 0.23750000 0.18000000
vt 0.64257812 0.00390625
vn 0.00000000 -1.00000000 0.00000000
v 0.77812500 0.23750000 0.18000000
vt 0.65039062 0.00390625
vn 0.00000000 -1.00000000 0.00000000
v 0.77812500 0.23750000 0.19250000
vt 0.65039062 0.00195312
vn 0.00000000 -1.00000000 0.00000000
f 645/645/645 646/646/646 647/647/647 648/648/648
usemtl texture_0
v 0.77812500 0.28750000 0.18000000
vt 0.62500000 0.00195312
vn 0.00000000 -0.00000000 -1.00000000
v 0.77812500 0.27500000 0.18000000
vt 0.62500000 0.00390625
vn 0.00000000 -0.00000000 -1.00000000
v 0.69687500 0.27500000 0.18000000
vt 0.63281250 0.00390625
vn 0.00000000 -0.00000000 -1.00000000
v 0.69687500 0.28750000 0.18000000
vt 0.63281250 0.00195312
vn 0.00000000 -0.00000000 -1.00000000
f 649/649/649 650/650/650 651/651/651 652/652/652
usemtl texture_0
v 0.69687500 0.28750000 0.19250000
vt 0.62500000 0.00195312
vn 0.00000000 0.00000000 1.00000000
v 0.69687500 0.27500000 0.19250000
vt 0.62500000 0.00390625
vn 0.00000000 0.00000000 1.00000000
v 0.77812500 0.27500000 0.19250000
vt 0.63281250 0.00390625
vn 0.00000000 0.00000000 1.00000000
v 0.77812500 0.28750000 0.19250000
vt 0.63281250 0.00195312
vn 0.00000000 0.00000000 1.00000000
f 653/653/653 654/654/654 655/655/655 656/656/656
usemtl texture_0
v 0.77812500 0.28750000 0.19250000
vt 0.63671875 0.00195312
vn 1.00000000 0.00000000 0.00000000
v 0.77812500 0.27500000 0.19250000
vt 0.63671875 0.00390625
vn 1.00000000 0.00000000 0.00000000
v 0.77812500 0.27500000 0.18000000
vt 0.63867188 0.00390625
vn 1.00000000 0.00000000 0.00000000
v 0.77812500 0.28750000 0.18000000
vt 0.63867188 0.00195312
vn 1.00000000 0.00000000 0.00000000
f 657/657/657 658/658/658 659/659/659 660/660/660
usemtl texture_0
v 0.69687500 0.28750000 0.18000000
vt 0.63671875 0.00195312
vn -1.00000000 0.00000000 0.00000000
v 0.69687500 0.27500000 0.18000000
vt 0.63671875 0.00390625
vn -1.00000000 0.00000000 0.00000000
v 0.69687500 0.27500000 0.19250000
vt 0.63867188 0.00390625
vn -1.00000000 0.00000000 0.00000000
v 0.69687500 0.28750000 0.19250000
vt 0.63867188 0.00195312
vn -1.00000000 0.00000000 0.00000000
f 661/661/661 662/662/662 663/663/663 664/664/664
usemtl texture_0
v 0.69687500 0.28750000 0.18000000
vt 0.64257812 0.00195312
vn 0.00000000 1.00000000 0.00000000
v 0.69687500 0.28750000 0.19250000
vt 0.64257812 0.00390625
vn 0.00000000 1.00000000 0.00000000
v 0.77812500 0.28750000 0.19250000
vt 0.65039062 0.00390625
vn 0.00000000 1.00000000 0.00000000
v 0.77812500 0.28750000 0.18000000
vt 0.65039062 0.00195312
vn 0.00000000 1.00000000 0.00000000
f 665/665/665 666/666/666 667/667/667 668/668/668
usemtl texture_0
v 0.69687500 0.27500000 0.19250000
vt 0.64257812 0.00195312
vn 0.00000000 -1.00000000 0.00000000
v 0.69687500 0.27500000 0.18000000
vt 0.64257812 0.00390625
vn 0.00000000 -1.00000000 0.00000000
v 0.77812500 0.27500000 0.18000000
vt 0.65039062 0.00390625
vn 0.00000000 -1.00000000 0.00000000
v 0.77812500 0.27500000 0.19250000
vt 0.65039062 0.00195312
vn 0.00000000 -1.00000000 0.00000000
f 669/669/669 670/670/670 671/671/671 672/672/672
usemtl texture_0
v 0.61130873 0.82305048 0.50000000
vt 0.65429688 0.00195312
vn 0.00000000 0.00000000 -1.00000000
v 0.45662913 0.66837087 0.50000000
vt 0.65429688 0.02148438
vn 0.00000000 0.00000000 -1.00000000
v 0.44337087 0.68162913 0.50000000
vt 0.65625000 0.02148438
vn 0.00000000 0.00000000 -1.00000000
v 0.59805048 0.83630873 0.50000000
vt 0.65625000 0.00195312
vn 0.00000000 0.00000000 -1.00000000
f 673/673/673 674/674/674 675/675/675 676/676/676
usemtl texture_0
v 0.59805048 0.83630873 0.51875000
vt 0.65429688 0.00195312
vn 0.00000000 0.00000000 1.00000000
v 0.44337087 0.68162913 0.51875000
vt 0.65429688 0.02148438
vn 0.00000000 0.00000000 1.00000000
v 0.45662913 0.66837087 0.51875000
vt 0.65625000 0.02148438
vn 0.00000000 0.00000000 1.00000000
v 0.61130873 0.82305048 0.51875000
vt 0.65625000 0.00195312
vn 0.00000000 0.00000000 1.00000000
f 677/677/677 678/678/678 679/679/679 680/680/680
usemtl texture_0
v 0.61130873 0.82305048 0.51875000
vt 0.65429688 0.00195312
vn 0.70710678 -0.70710678 0.00000000
v 0.45662913 0.66837087 0.51875000
vt 0.65429688 0.02148438
vn 0.70710678 -0.70710678 0.00000000
v 0.45662913 0.66837087 0.50000000
vt 0.65625000 0.02148438
vn 0.70710678 -0.70710678 0.00000000
v 0.61130873 0.82305048 0.50000000
vt 0.65625000 0.00195312
vn 0.70710678 -0.70710678 0.00000000
f 681/681/681 682/682/682 683/683/683 684/684/684
usemtl texture_0
v 0.59805048 0.83630873 0.50000000
vt 0.65429688 0.00195312
vn -0.70710678 0.70710678 0.00000000
v 0.44337087 0.68162913 0.50000000
vt 0.65429688 0.02148438
vn -0.70710678 0.70710678 0.00000000
v 0.44337087 0.68162913 0.51875000
vt 0.65625000 0.02148438
vn -0.70710678 0.70710678 0.00000000
v 0.59805048 0.83630873 0.51875000
vt 0.65625000 0.00195312
vn -0.70710678 0.70710678 0.00000000
f 685/685/685 686/686/686 687/687/687 688/688/688
usemtl texture_0
v 0.59805048 0.83630873 0.50000000
vt 0.66015625 0.00195312
vn 0.70710678 0.70710678 -0.00000000
v 0.59805048 0.83630873 0.51875000
vt 0.66015625 0.00390625
vn 0.70710678 0.70710678 -0.00000000
v 0.61130873 0.82305048 0.51875000
vt 0.66210938 0.00390625
vn 0.70710678 0.70710678 -0.00000000
v 0.61130873 0.82305048 0.50000000
vt 0.66210938 0.00195312
vn 0.70710678 0.70710678 -0.00000000
f 689/689/689 690/690/690 691/691/691 692/692/692
usemtl texture_0
v 0.44337087 0.68162913 0.51875000
vt 0.66015625 0.00195312
vn -0.70710678 -0.70710678 -0.00000000
v 0.44337087 0.68162913 0.50000000
vt 0.66015625 0.00390625
vn -0.70710678 -0.70710678 -0.00000000
v 0.45662913 0.66837087 0.50000000
vt 0.66210938 0.00390625
vn -0.70710678 -0.70710678 -0.00000000
v 0.45662913 0.66837087 0.51875000
vt 0.66210938 0.00195312
vn -0.70710678 -0.70710678 -0.00000000
f 693/693/693 694/694/694 695/695/695 696/696/696
usemtl texture_0
v 0.40194952 0.83630873 0.50000000
vt 0.65429688 0.00195312
vn 0.00000000 0.00000000 -1.00000000
v 0.55662913 0.68162913 0.50000000
vt 0.65429688 0.02148438
vn 0.00000000 0.00000000 -1.00000000
v 0.54337087 0.66837087 0.50000000
vt 0.65625000 0.02148438
vn 0.00000000 0.00000000 -1.00000000
v 0.38869127 0.82305048 0.50000000
vt 0.65625000 0.00195312
vn 0.00000000 0.00000000 -1.00000000
f 697/697/697 698/698/698 699/699/699 700/700/700
usemtl texture_0
v 0.38869127 0.82305048 0.51875000
vt 0.65429688 0.00195312
vn 0.00000000 0.00000000 1.00000000
v 0.54337087 0.66837087 0.51875000
vt 0.65429688 0.02148438
vn 0.00000000 0.00000000 1.00000000
v 0.55662913 0.68162913 0.51875000
vt 0.65625000 0.02148438
vn 0.00000000 0.00000000 1.00000000
v 0.40194952 0.83630873 0.51875000
vt 0.65625000 0.00195312
vn 0.00000000 0.00000000 1.00000000
f 701/701/701 702/702/702 703/703/703 704/704/704
usemtl texture_0
v 0.40194952 0.83630873 0.51875000
vt 0.65429688 0.00195312
vn 0.70710678 0.70710678 0.00000000
v 0.55662913 0.68162913 0.51875000
vt 0.65429688 0.02148438
vn 0.70710678 0.70710678 0.00000000
v 0.55662913 0.68162913 0.50000000
vt 0.65625000 0.02148438
vn 0.70710678 0.70710678 0.00000000
v 0.40194952 0.83630873 0.50000000
vt 0.65625000 0.00195312
vn 0.70710678 0.70710678 0.00000000
f 705/705/705 706/706/706 707/707/707 708/708/708
usemtl texture_0
v 0.38869127 0.82305048 0.50000000
vt 0.65429688 0.00195312
vn -0.70710678 -0.70710678 0.00000000
v 0.54337087 0.66837087 0.50000000
vt 0.65429688 0.02148438
vn -0.70710678 -0.70710678 0.00000000
v 0.54337087 0.66837087 0.51875000
vt 0.65625000 0.02148438
vn -0.70710678 -0.70710678 0.00000000
v 0.38869127 0.82305048 0.51875000
vt 0.65625000 0.00195312
vn -0.70710678 -0.70710678 0.00000000
f 709/709/709 710/710/710 711/711/711 712/712/712
usemtl texture_0
v 0.38869127 0.82305048 0.50000000
vt 0.66015625 0.00195312
vn -0.70710678 0.70710678 0.00000000
v 0.38869127 0.82305048 0.51875000
vt 0.66015625 0.00390625
vn -0.70710678 0.70710678 0.00000000
v 0.40194952 0.83630873 0.51875000
vt 0.66210938 0.00390625
vn -0.70710678 0.70710678 0.00000000
v 0.40194952 0.83630873 0.50000000
vt 0.66210938 0.00195312
vn -0.70710678 0.70710678 0.00000000
f 713/713/713 714/714/714 715/715/715 716/716/716
usemtl texture_0
v 0.54337087 0.66837087 0.51875000
vt 0.66015625 0.00195312
vn 0.70710678 -0.70710678 0.00000000
v 0.54337087 0.66837087 0.50000000
vt 0.66015625 0.00390625
vn 0.70710678 -0.70710678 0.00000000
v 0.55662913 0.68162913 0.50000000
vt 0.66210938 0.00390625
vn 0.70710678 -0.70710678 0.00000000
v 0.55662913 0.68162913 0.51875000
vt 0.66210938 0.00195312
vn 0.70710678 -0.70710678 0.00000000
f 717/717/717 718/718/718 719/719/719 720/720/720
usemtl texture_0
v 0.41937500 0.42375000 0.12625000
vt 0.66601562 0.00195312
vn 0.00000000 -0.00000000 -1.00000000
v 0.41937500 0.33750000 0.12625000
vt 0.66601562 0.00976562
vn 0.00000000 -0.00000000 -1.00000000
v 0.38062500 0.33750000 0.12625000
vt 0.66992188 0.00976562
vn 0.00000000 -0.00000000 -1.00000000
v 0.38062500 0.42375000 0.12625000
vt 0.66992188 0.00195312
vn 0.00000000 -0.00000000 -1.00000000
f 721/721/721 722/722/722 723/723/723 724/724/724
usemtl texture_0
v 0.38062500 0.42375000 0.13625000
vt 0.66601562 0.00195312
vn 0.00000000 0.00000000 1.00000000
v 0.38062500 0.33750000 0.13625000
vt 0.66601562 0.00976562
vn 0.00000000 0.00000000 1.00000000
v 0.41937500 0.33750000 0.13625000
vt 0.66992188 0.00976562
vn 0.00000000 0.00000000 1.00000000
v 0.41937500 0.42375000 0.13625000
vt 0.66992188 0.00195312
vn 0.00000000 0.00000000 1.00000000
f 725/725/725 726/726/726 727/727/727 728/728/728
usemtl texture_0
v 0.41937500 0.42375000 0.13625000
vt 0.67382812 0.00195312
vn 1.00000000 0.00000000 0.00000000
v 0.41937500 0.33750000 0.13625000
vt 0.67382812 0.00976562
vn 1.00000000 0.00000000 0.00000000
v 0.41937500 0.33750000 0.12625000
vt 0.67578125 0.00976562
vn 1.00000000 0.00000000 0.00000000
v 0.41937500 0.42375000 0.12625000
vt 0.67578125 0.00195312
vn 1.00000000 0.00000000 0.00000000
f 729/729/729 730/730/730 731/731/731 732/732/732
usemtl texture_0
v 0.38062500 0.42375000 0.12625000
vt 0.67382812 0.00195312
vn -1.00000000 0.00000000 0.00000000
v 0.38062500 0.33750000 0.12625000
vt 0.67382812 0.00976562
vn -1.00000000 0.00000000 0.00000000
v 0.38062500 0.33750000 0.13625000
vt 0.67578125 0.00976562
vn -1.00000000 0.00000000 0.00000000
v 0.38062500 0.42375000 0.13625000
vt 0.67578125 0.00195312
vn -1.00000000 0.00000000 0.00000000
f 733/733/733 734/734/734 735/735/735 736/736/736
usemtl texture_0
v 0.38062500 0.42375000 0.12625000
vt 0.67968750 0.00195312
vn 0.00000000 1.00000000 0.00000000
v 0.38062500 0.42375000 0.13625000
vt 0.67968750 0.00390625
vn 0.00000000 1.00000000 0.00000000
v 0.41937500 0.42375000 0.13625000
vt 0.68359375 0.00390625
vn 0.00000000 1.00000000 0.00000000
v 0.41937500 0.42375000 0.12625000
vt 0.68359375 0.00195312
vn 0.00000000 1.00000000 0.00000000
f 737/737/737 738/738/738 739/739/739 740/740/740
usemtl texture_0
v 0.38062500 0.33750000 0.13625000
vt 0.67968750 0.00195312
vn 0.00000000 -1.00000000 0.00000000
v 0.38062500 0.33750000 0.12625000
vt 0.67968750 0.00390625
vn 0.00000000 -1.00000000 0.00000000
v 0.41937500 0.33750000 0.12625000
vt 0.68359375 0.00390625
vn 0.00000000 -1.00000000 0.00000000
v 0.41937500 0.33750000 0.13625000
vt 0.68359375 0.00195312
vn 0.00000000 -1.00000000 0.00000000
f 741/741/741 742/742/742 743/743/743 744/744/744
usemtl texture_0
v 0.38062500 0.41000000 0.12625000
vt 0.68750000 0.00195312
vn 0.00000000 -0.00000000 -1.00000000
v 0.38062500 0.35125000 0.12625000
vt 0.68750000 0.00781250
vn 0.00000000 -0.00000000 -1.00000000
v 0.36687500 0.35125000 0.12625000
vt 0.68945312 0.00781250
vn 0.00000000 -0.00000000 -1.00000000
v 0.36687500 0.41000000 0.12625000
vt 0.68945312 0.00195312
vn 0.00000000 -0.00000000 -1.00000000
f 745/745/745 746/746/746 747/747/747 748/748/748
usemtl texture_0
v 0.36687500 0.41000000 0.13625000
vt 0.68750000 0.00195312
vn 0.00000000 0.00000000 1.00000000
v 0.36687500 0.35125000 0.13625000
vt 0.68750000 0.00781250
vn 0.00000000 0.00000000 1.00000000
v 0.38062500 0.35125000 0.13625000
vt 0.68945312 0.00781250
vn 0.00000000 0.00000000 1.00000000
v 0.38062500 0.41000000 0.13625000
vt 0.68945312 0.00195312
vn 0.00000000 0.00000000 1.00000000
f 749/749/749 750/750/750 751/751/751 752/752/752
usemtl texture_0
v 0.38062500 0.41000000 0.13625000
vt 0.68750000 0.00195312
vn 1.00000000 0.00000000 0.00000000
v 0.38062500 0.35125000 0.13625000
vt 0.68750000 0.00781250
vn 1.00000000 0.00000000 0.00000000
v 0.38062500 0.35125000 0.12625000
vt 0.68945312 0.00781250
vn 1.00000000 0.00000000 0.00000000
v 0.38062500 0.41000000 0.12625000
vt 0.68945312 0.00195312
vn 1.00000000 0.00000000 0.00000000
f 753/753/753 754/754/754 755/755/755 756/756/756
usemtl texture_0
v 0.36687500 0.41000000 0.12625000
vt 0.68750000 0.00195312
vn -1.00000000 0.00000000 0.00000000
v 0.36687500 0.35125000 0.12625000
vt 0.68750000 0.00781250
vn -1.00000000 0.00000000 0.00000000
v 0.36687500 0.35125000 0.13625000
vt 0.68945312 0.00781250
vn -1.00000000 0.00000000 0.00000000
v 0.36687500 0.41000000 0.13625000
vt 0.68945312 0.00195312
vn -1.00000000 0.00000000 0.00000000
f 757/757/757 758/758/758 759/759/759 760/760/760
usemtl texture_0
v 0.36687500 0.41000000 0.12625000
vt 0.69335938 0.00195312
vn 0.00000000 1.00000000 0.00000000
v 0.36687500 0.41000000 0.13625000
vt 0.69335938 0.00390625
vn 0.00000000 1.00000000 0.00000000
v 0.38062500 0.41000000 0.13625000
vt 0.69531250 0.00390625
vn 0.00000000 1.00000000 0.00000000
v 0.38062500 0.41000000 0.12625000
vt 0.69531250 0.00195312
vn 0.00000000 1.00000000 0.00000000
f 761/761/761 762/762/762 763/763/763 764/764/764
usemtl texture_0
v 0.36687500 0.35125000 0.13625000
vt 0.69335938 0.00195312
vn 0.00000000 -1.00000000 0.00000000
v 0.36687500 0.35125000 0.12625000
vt 0.69335938 0.00390625
vn 0.00000000 -1.00000000 0.00000000
v 0.38062500 0.35125000 0.12625000
vt 0.69531250 0.00390625
vn 0.00000000 -1.00000000 0.00000000
v 0.38062500 0.35125000 0.13625000
vt 0.69531250 0.00195312
vn 0.00000000 -1.00000000 0.00000000
f 765/765/765 766/766/766 767/767/767 768/768/768
usemtl texture_0
v 0.43312500 0.41000000 0.12625000
vt 0.68750000 0.00195312
vn 0.00000000 -0.00000000 -1.00000000
v 0.43312500 0.35125000 0.12625000
vt 0.68750000 0.00781250
vn 0.00000000 -0.00000000 -1.00000000
v 0.41937500 0.35125000 0.12625000
vt 0.68945312 0.00781250
vn 0.00000000 -0.00000000 -1.00000000
v 0.41937500 0.41000000 0.12625000
vt 0.68945312 0.00195312
vn 0.00000000 -0.00000000 -1.00000000
f 769/769/769 770/770/770 771/771/771 772/772/772
usemtl texture_0
v 0.41937500 0.41000000 0.13625000
vt 0.68750000 0.00195312
vn 0.00000000 0.00000000 1.00000000
v 0.41937500 0.35125000 0.13625000
vt 0.68750000 0.00781250
vn 0.00000000 0.00000000 1.00000000
v 0.43312500 0.35125000 0.13625000
vt 0.68945312 0.00781250
vn 0.00000000 0.00000000 1.00000000
v 0.43312500 0.41000000 0.13625000
vt 0.68945312 0.00195312
vn 0.00000000 0.00000000 1.00000000
f 773/773/773 774/774/774 775/775/775 776/776/776
usemtl texture_0
v 0.43312500 0.41000000 0.13625000
vt 0.68750000 0.00195312
vn 1.00000000 0.00000000 0.00000000
v 0.43312500 0.35125000 0.13625000
vt 0.68750000 0.00781250
vn 1.00000000 0.00000000 0.00000000
v 0.43312500 0.35125000 0.12625000
vt 0.68945312 0.00781250
vn 1.00000000 0.00000000 0.00000000
v 0.43312500 0.41000000 0.12625000
vt 0.68945312 0.00195312
vn 1.00000000 0.00000000 0.00000000
f 777/777/777 778/778/778 779/779/779 780/780/780
usemtl texture_0
v 0.41937500 0.41000000 0.12625000
vt 0.68750000 0.00195312
vn -1.00000000 0.00000000 0.00000000
v 0.41937500 0.35125000 0.12625000
vt 0.68750000 0.00781250
vn -1.00000000 0.00000000 0.00000000
v 0.41937500 0.35125000 0.13625000
vt 0.68945312 0.00781250
vn -1.00000000 0.00000000 0.00000000
v 0.41937500 0.41000000 0.13625000
vt 0.68945312 0.00195312
vn -1.00000000 0.00000000 0.00000000
f 781/781/781 782/782/782 783/783/783 784/784/784
usemtl texture_0
v 0.41937500 0.41000000 0.12625000
vt 0.69335938 0.00195312
vn 0.00000000 1.00000000 0.00000000
v 0.41937500 0.41000000 0.13625000
vt 0.69335938 0.00390625
vn 0.00000000 1.00000000 0.00000000
v 0.43312500 0.41000000 0.13625000
vt 0.69531250 0.00390625
vn 0.00000000 1.00000000 0.00000000
v 0.43312500 0.41000000 0.12625000
vt 0.69531250 0.00195312
vn 0.00000000 1.00000000 0.00000000
f 785/785/785 786/786/786 787/787/787 788/788/788
usemtl texture_0
v 0.41937500 0.35125000 0.13625000
vt 0.69335938 0.00195312
vn 0.00000000 -1.00000000 0.00000000
v 0.41937500 0.35125000 0.12625000
vt 0.69335938 0.00390625
vn 0.00000000 -1.00000000 0.00000000
v 0.43312500 0.35125000 0.12625000
vt 0.69531250 0.00390625
vn 0.00000000 -1.00000000 0.00000000
v 0.43312500 0.35125000 0.13625000
vt 0.69531250 0.00195312
vn 0.00000000 -1.00000000 0.00000000
f 789/789/789 790/790/790 791/791/791 792/792/792
usemtl texture_0
v 0.40625000 0.41125000 0.12375000
vt 0.69921875 0.00195312
vn 0.00000000 -0.00000000 -1.00000000
v 0.40625000 0.38625000 0.12375000
vt 0.69921875 0.00390625
vn 0.00000000 -0.00000000 -1.00000000
v 0.38250000 0.38625000 0.12375000
vt 0.70117188 0.00390625
vn 0.00000000 -0.00000000 -1.00000000
v 0.38250000 0.41125000 0.12375000
vt 0.70117188 0.00195312
vn 0.00000000 -0.00000000 -1.00000000
f 793/793/793 794/794/794 795/795/795 796/796/796
usemtl texture_0
v 0.38250000 0.41125000 0.12875000
vt 0.69921875 0.00195312
vn 0.00000000 0.00000000 1.00000000
v 0.38250000 0.38625000 0.12875000
vt 0.69921875 0.00390625
vn 0.00000000 0.00000000 1.00000000
v 0.40625000 0.38625000 0.12875000
vt 0.70117188 0.00390625
vn 0.00000000 0.00000000 1.00000000
v 0.40625000 0.41125000 0.12875000
vt 0.70117188 0.00195312
vn 0.00000000 0.00000000 1.00000000
f 797/797/797 798/798/798 799/799/799 800/800/800
usemtl texture_0
v 0.40625000 0.41125000 0.12875000
vt 0.69921875 0.00195312
vn 1.00000000 0.00000000 0.00000000
v 0.40625000 0.38625000 0.12875000
vt 0.69921875 0.00390625
vn 1.00000000 0.00000000 0.00000000
v 0.40625000 0.38625000 0.12375000
vt 0.70117188 0.00390625
vn 1.00000000 0.00000000 0.00000000
v 0.40625000 0.41125000 0.12375000
vt 0.70117188 0.00195312
vn 1.00000000 0.00000000 0.00000000
f 801/801/801 802/802/802 803/803/803 804/804/804
usemtl texture_0
v 0.38250000 0.41125000 0.12375000
vt 0.69921875 0.00195312
vn -1.00000000 0.00000000 0.00000000
v 0.38250000 0.38625000 0.12375000
vt 0.69921875 0.00390625
vn -1.00000000 0.00000000 0.00000000
v 0.38250000 0.38625000 0.12875000
vt 0.70117188 0.00390625
vn -1.00000000 0.00000000 0.00000000
v 0.38250000 0.41125000 0.12875000
vt 0.70117188 0.00195312
vn -1.00000000 0.00000000 0.00000000
f 805/805/805 806/806/806 807/807/807 808/808/808
usemtl texture_0
v 0.38250000 0.41125000 0.12375000
vt 0.70507812 0.00195312
vn 0.00000000 1.00000000 0.00000000
v 0.38250000 0.41125000 0.12875000
vt 0.70507812 0.00390625
vn 0.00000000 1.00000000 0.00000000
v 0.40625000 0.41125000 0.12875000
vt 0.70703125 0.00390625
vn 0.00000000 1.00000000 0.00000000
v 0.40625000 0.41125000 0.12375000
vt 0.70703125 0.00195312
vn 0.00000000 1.00000000 0.00000000
f 809/809/809 810/810/810 811/811/811 812/812/812
usemtl texture_0
v 0.38250000 0.38625000 0.12875000
vt 0.70507812 0.00195312
vn 0.00000000 -1.00000000 0.00000000
v 0.38250000 0.38625000 0.12375000
vt 0.70507812 0.00390625
vn 0.00000000 -1.00000000 0.00000000
v 0.40625000 0.38625000 0.12375000
vt 0.70703125 0.00390625
vn 0.00000000 -1.00000000 0.00000000
v 0.40625000 0.38625000 0.12875000
vt 0.70703125 0.00195312
vn 0.00000000 -1.00000000 0.00000000
f 813/813/813 814/814/814 815/815/815 816/816/816
usemtl texture_0
v 0.42000000 0.36312500 0.12343750
vt 0.71093750 0.00195312
vn 0.00000000 -0.00000000 -1.00000000
v 0.42000000 0.35187500 0.12343750
vt 0.71093750 0.00390625
vn 0.00000000 -0.00000000 -1.00000000
v 0.40875000 0.35187500 0.12343750
vt 0.71289062 0.00390625
vn 0.00000000 -0.00000000 -1.00000000
v 0.40875000 0.36312500 0.12343750
vt 0.71289062 0.00195312
vn 0.00000000 -0.00000000 -1.00000000
f 817/817/817 818/818/818 819/819/819 820/820/820
usemtl texture_0
v 0.40875000 0.36312500 0.12843750
vt 0.71093750 0.00195312
vn 0.00000000 0.00000000 1.00000000
v 0.40875000 0.35187500 0.12843750
vt 0.71093750 0.00390625
vn 0.00000000 0.00000000 1.00000000
v 0.42000000 0.35187500 0.12843750
vt 0.71289062 0.00390625
vn 0.00000000 0.00000000 1.00000000
v 0.42000000 0.36312500 0.12843750
vt 0.71289062 0.00195312
vn 0.00000000 0.00000000 1.00000000
f 821/821/821 822/822/822 823/823/823 824/824/824
usemtl texture_0
v 0.42000000 0.36312500 0.12843750
vt 0.71093750 0.00195312
vn 1.00000000 0.00000000 0.00000000
v 0.42000000 0.35187500 0.12843750
vt 0.71093750 0.00390625
vn 1.00000000 0.00000000 0.00000000
v 0.42000000 0.35187500 0.12343750
vt 0.71289062 0.00390625
vn 1.00000000 0.00000000 0.00000000
v 0.42000000 0.36312500 0.12343750
vt 0.71289062 0.00195312
vn 1.00000000 0.00000000 0.00000000
f 825/825/825 826/826/826 827/827/827 828/828/828
usemtl texture_0
v 0.40875000 0.36312500 0.12343750
vt 0.71093750 0.00195312
vn -1.00000000 0.00000000 0.00000000
v 0.40875000 0.35187500 0.12343750
vt 0.71093750 0.00390625
vn -1.00000000 0.00000000 0.00000000
v 0.40875000 0.35187500 0.12843750
vt 0.71289062 0.00390625
vn -1.00000000 0.00000000 0.00000000
v 0.40875000 0.36312500 0.12843750
vt 0.71289062 0.00195312
vn -1.00000000 0.00000000 0.00000000
f 829/829/829 830/830/830 831/831/831 832/832/832
usemtl texture_0
v 0.40875000 0.36312500 0.12343750
vt 0.71679688 0.00195312
vn 0.00000000 1.00000000 0.00000000
v 0.40875000 0.36312500 0.12843750
vt 0.71679688 0.00390625
vn 0.00000000 1.00000000 0.00000000
v 0.42000000 0.36312500 0.12843750
vt 0.71875000 0.00390625
vn 0.00000000 1.00000000 0.00000000
v 0.42000000 0.36312500 0.12343750
vt 0.71875000 0.00195312
vn 0.00000000 1.00000000 0.00000000
f 833/833/833 834/834/834 835/835/835 836/836/836
usemtl texture_0
v 0.40875000 0.35187500 0.12843750
vt 0.71679688 0.00195312
vn 0.00000000 -1.00000000 0.00000000
v 0.40875000 0.35187500 0.12343750
vt 0.71679688 0.00390625
vn 0.00000000 -1.00000000 0.00000000
v 0.42000000 0.35187500 0.12343750
vt 0.71875000 0.00390625
vn 0.00000000 -1.00000000 0.00000000
v 0.42000000 0.35187500 0.12843750
vt 0.71875000 0.00195312
vn 0.00000000 -1.00000000 0.00000000
f 837/837/837 838/838/838 839/839/839 840/840/840
usemtl texture_0
v 0.61937500 0.42375000 0.12625000
vt 0.66601562 0.00195312
vn 0.00000000 -0.00000000 -1.00000000
v 0.61937500 0.33750000 0.12625000
vt 0.66601562 0.00976562
vn 0.00000000 -0.00000000 -1.00000000
v 0.58062500 0.33750000 0.12625000
vt 0.66992188 0.00976562
vn 0.00000000 -0.00000000 -1.00000000
v 0.58062500 0.42375000 0.12625000
vt 0.66992188 0.00195312
vn 0.00000000 -0.00000000 -1.00000000
f 841/841/841 842/842/842 843/843/843 844/844/844
usemtl texture_0
v 0.58062500 0.42375000 0.13625000
vt 0.66601562 0.00195312
vn 0.00000000 0.00000000 1.00000000
v 0.58062500 0.33750000 0.13625000
vt 0.66601562 0.00976562
vn 0.00000000 0.00000000 1.00000000
v 0.61937500 0.33750000 0.13625000
vt 0.66992188 0.00976562
vn 0.00000000 0.00000000 1.00000000
v 0.61937500 0.42375000 0.13625000
vt 0.66992188 0.00195312
vn 0.00000000 0.00000000 1.00000000
f 845/845/845 846/846/846 847/847/847 848/848/848
usemtl texture_0
v 0.61937500 0.42375000 0.13625000
vt 0.67382812 0.00195312
vn 1.00000000 0.00000000 0.00000000
v 0.61937500 0.33750000 0.13625000
vt 0.67382812 0.00976562
vn 1.00000000 0.00000000 0.00000000
v 0.61937500 0.33750000 0.12625000
vt 0.67578125 0.00976562
vn 1.00000000 0.00000000 0.00000000
v 0.61937500 0.42375000 0.12625000
vt 0.67578125 0.00195312
vn 1.00000000 0.00000000 0.00000000
f 849/849/849 850/850/850 851/851/851 852/852/852
usemtl texture_0
v 0.58062500 0.42375000 0.12625000
vt 0.67382812 0.00195312
vn -1.00000000 0.00000000 0.00000000
v 0.58062500 0.33750000 0.12625000
vt 0.67382812 0.00976562
vn -1.00000000 0.00000000 0.00000000
v 0.58062500 0.33750000 0.13625000
vt 0.67578125 0.00976562
vn -1.00000000 0.00000000 0.00000000
v 0.58062500 0.42375000 0.13625000
vt 0.67578125 0.00195312
vn -1.00000000 0.00000000 0.00000000
f 853/853/853 854/854/854 855/855/855 856/856/856
usemtl texture_0
v 0.58062500 0.42375000 0.12625000
vt 0.67968750 0.00195312
vn 0.00000000 1.00000000 0.00000000
v 0.58062500 0.42375000 0.13625000
vt 0.67968750 0.00390625
vn 0.00000000 1.00000000 0.00000000
v 0.61937500 0.42375000 0.13625000
vt 0.68359375 0.00390625
vn 0.00000000 1.00000000 0.00000000
v 0.61937500 0.42375000 0.12625000
vt 0.68359375 0.00195312
vn 0.00000000 1.00000000 0.00000000
f 857/857/857 858/858/858 859/859/859 860/860/860
usemtl texture_0
v 0.58062500 0.33750000 0.13625000
vt 0.67968750 0.00195312
vn 0.00000000 -1.00000000 0.00000000
v 0.58062500 0.33750000 0.12625000
vt 0.67968750 0.00390625
vn 0.00000000 -1.00000000 0.00000000
v 0.61937500 0.33750000 0.12625000
vt 0.68359375 0.00390625
vn 0.00000000 -1.00000000 0.00000000
v 0.61937500 0.33750000 0.13625000
vt 0.68359375 0.00195312
vn 0.00000000 -1.00000000 0.00000000
f 861/861/861 862/862/862 863/863/863 864/864/864
usemtl texture_0
v 0.58062500 0.41000000 0.12625000
vt 0.68750000 0.00195312
vn 0.00000000 -0.00000000 -1.00000000
v 0.58062500 0.35125000 0.12625000
vt 0.68750000 0.00781250
vn 0.00000000 -0.00000000 -1.00000000
v 0.56687500 0.35125000 0.12625000
vt 0.68945312 0.00781250
vn 0.00000000 -0.00000000 -1.00000000
v 0.56687500 0.41000000 0.12625000
vt 0.68945312 0.00195312
vn 0.00000000 -0.00000000 -1.00000000
f 865/865/865 866/866/866 867/867/867 868/868/868
usemtl texture_0
v 0.56687500 0.41000000 0.13625000
vt 0.68750000 0.00195312
vn 0.00000000 0.00000000 1.00000000
v 0.56687500 0.35125000 0.13625000
vt 0.68750000 0.00781250
vn 0.00000000 0.00000000 1.00000000
v 0.58062500 0.35125000 0.13625000
vt 0.68945312 0.00781250
vn 0.00000000 0.00000000 1.00000000
v 0.58062500 0.41000000 0.13625000
vt 0.68945312 0.00195312
vn 0.00000000 0.00000000 1.00000000
f 869/869/869 870/870/870 871/871/871 872/872/872
usemtl texture_0
v 0.58062500 0.41000000 0.13625000
vt 0.68750000 0.00195312
vn 1.00000000 0.00000000 0.00000000
v 0.58062500 0.35125000 0.13625000
vt 0.68750000 0.00781250
vn 1.00000000 0.00000000 0.00000000
v 0.58062500 0.35125000 0.12625000
vt 0.68945312 0.00781250
vn 1.00000000 0.00000000 0.00000000
v 0.58062500 0.41000000 0.12625000
vt 0.68945312 0.00195312
vn 1.00000000 0.00000000 0.00000000
f 873/873/873 874/874/874 875/875/875 876/876/876
usemtl texture_0
v 0.56687500 0.41000000 0.12625000
vt 0.68750000 0.00195312
vn -1.00000000 0.00000000 0.00000000
v 0.56687500 0.35125000 0.12625000
vt 0.68750000 0.00781250
vn -1.00000000 0.00000000 0.00000000
v 0.56687500 0.35125000 0.13625000
vt 0.68945312 0.00781250
vn -1.00000000 0.00000000 0.00000000
v 0.56687500 0.41000000 0.13625000
vt 0.68945312 0.00195312
vn -1.00000000 0.00000000 0.00000000
f 877/877/877 878/878/878 879/879/879 880/880/880
usemtl texture_0
v 0.56687500 0.41000000 0.12625000
vt 0.69335938 0.00195312
vn 0.00000000 1.00000000 0.00000000
v 0.56687500 0.41000000 0.13625000
vt 0.69335938 0.00390625
vn 0.00000000 1.00000000 0.00000000
v 0.58062500 0.41000000 0.13625000
vt 0.69531250 0.00390625
vn 0.00000000 1.00000000 0.00000000
v 0.58062500 0.41000000 0.12625000
vt 0.69531250 0.00195312
vn 0.00000000 1.00000000 0.00000000
f 881/881/881 882/882/882 883/883/883 884/884/884
usemtl texture_0
v 0.56687500 0.35125000 0.13625000
vt 0.69335938 0.00195312
vn 0.00000000 -1.00000000 0.00000000
v 0.56687500 0.35125000 0.12625000
vt 0.69335938 0.00390625
vn 0.00000000 -1.00000000 0.00000000
v 0.58062500 0.35125000 0.12625000
vt 0.69531250 0.00390625
vn 0.00000000 -1.00000000 0.00000000
v 0.58062500 0.35125000 0.13625000
vt 0.69531250 0.00195312
vn 0.00000000 -1.00000000 0.00000000
f 885/885/885 886/886/886 887/887/887 888/888/888
usemtl texture_0
v 0.63312500 0.41000000 0.12625000
vt 0.68750000 0.00195312
vn 0.00000000 -0.00000000 -1.00000000
v 0.63312500 0.35125000 0.12625000
vt 0.68750000 0.00781250
vn 0.00000000 -0.00000000 -1.00000000
v 0.61937500 0.35125000 0.12625000
vt 0.68945312 0.00781250
vn 0.00000000 -0.00000000 -1.00000000
v 0.61937500 0.41000000 0.12625000
vt 0.68945312 0.00195312
vn 0.00000000 -0.00000000 -1.00000000
f 889/889/889 890/890/890 891/891/891 892/892/892
usemtl texture_0
v 0.61937500 0.41000000 0.13625000
vt 0.68750000 0.00195312
vn 0.00000000 0.00000000 1.00000000
v 0.61937500 0.35125000 0.13625000
vt 0.68750000 0.00781250
vn 0.00000000 0.00000000 1.00000000
v 0.63312500 0.35125000 0.13625000
vt 0.68945312 0.00781250
vn 0.00000000 0.00000000 1.00000000
v 0.63312500 0.41000000 0.13625000
vt 0.68945312 0.00195312
vn 0.00000000 0.00000000 1.00000000
f 893/893/893 894/894/894 895/895/895 896/896/896
usemtl texture_0
v 0.63312500 0.41000000 0.13625000
vt 0.68750000 0.00195312
vn 1.00000000 0.00000000 0.00000000
v 0.63312500 0.35125000 0.13625000
vt 0.68750000 0.00781250
vn 1.00000000 0.00000000 0.00000000
v 0.63312500 0.35125000 0.12625000
vt 0.68945312 0.00781250
vn 1.00000000 0.00000000 0.00000000
v 0.63312500 0.41000000 0.12625000
vt 0.68945312 0.00195312
vn 1.00000000 0.00000000 0.00000000
f 897/897/897 898/898/898 899/899/899 900/900/900
usemtl texture_0
v 0.61937500 0.41000000 0.12625000
vt 0.68750000 0.00195312
vn -1.00000000 0.00000000 0.00000000
v 0.61937500 0.35125000 0.12625000
vt 0.68750000 0.00781250
vn -1.00000000 0.00000000 0.00000000
v 0.61937500 0.35125000 0.13625000
vt 0.68945312 0.00781250
vn -1.00000000 0.00000000 0.00000000
v 0.61937500 0.41000000 0.13625000
vt 0.68945312 0.00195312
vn -1.00000000 0.00000000 0.00000000
f 901/901/901 902/902/902 903/903/903 904/904/904
usemtl texture_0
v 0.61937500 0.41000000 0.12625000
vt 0.69335938 0.00195312
vn 0.00000000 1.00000000 0.00000000
v 0.61937500 0.41000000 0.13625000
vt 0.69335938 0.00390625
vn 0.00000000 1.00000000 0.00000000
v 0.63312500 0.41000000 0.13625000
vt 0.69531250 0.00390625
vn 0.00000000 1.00000000 0.00000000
v 0.63312500 0.41000000 0.12625000
vt 0.69531250 0.00195312
vn 0.00000000 1.00000000 0.00000000
f 905/905/905 906/906/906 907/907/907 908/908/908
usemtl texture_0
v 0.61937500 0.35125000 0.13625000
vt 0.69335938 0.00195312
vn 0.00000000 -1.00000000 0.00000000
v 0.61937500 0.35125000 0.12625000
vt 0.69335938 0.00390625
vn 0.00000000 -1.00000000 0.00000000
v 0.63312500 0.35125000 0.12625000
vt 0.69531250 0.00390625
vn 0.00000000 -1.00000000 0.00000000
v 0.63312500 0.35125000 0.13625000
vt 0.69531250 0.00195312
vn 0.00000000 -1.00000000 0.00000000
f 909/909/909 910/910/910 911/911/911 912/912/912
usemtl texture_0
v 0.60625000 0.41125000 0.12375000
vt 0.69921875 0.00195312
vn 0.00000000 -0.00000000 -1.00000000
v 0.60625000 0.38625000 0.12375000
vt 0.69921875 0.00390625
vn 0.00000000 -0.00000000 -1.00000000
v 0.58250000 0.38625000 0.12375000
vt 0.70117188 0.00390625
vn 0.00000000 -0.00000000 -1.00000000
v 0.58250000 0.41125000 0.12375000
vt 0.70117188 0.00195312
vn 0.00000000 -0.00000000 -1.00000000
f 913/913/913 914/914/914 915/915/915 916/916/916
usemtl texture_0
v 0.58250000 0.41125000 0.12875000
vt 0.69921875 0.00195312
vn 0.00000000 0.00000000 1.00000000
v 0.58250000 0.38625000 0.12875000
vt 0.69921875 0.00390625
vn 0.00000000 0.00000000 1.00000000
v 0.60625000 0.38625000 0.12875000
vt 0.70117188 0.00390625
vn 0.00000000 0.00000000 1.00000000
v 0.60625000 0.41125000 0.12875000
vt 0.70117188 0.00195312
vn 0.00000000 0.00000000 1.00000000
f 917/917/917 918/918/918 919/919/919 920/920/920
usemtl texture_0
v 0.60625000 0.41125000 0.12875000
vt 0.69921875 0.00195312
vn 1.00000000 0.00000000 0.00000000
v 0.60625000 0.38625000 0.12875000
vt 0.69921875 0.00390625
vn 1.00000000 0.00000000 0.00000000
v 0.60625000 0.38625000 0.12375000
vt 0.70117188 0.00390625
vn 1.00000000 0.00000000 0.00000000
v 0.60625000 0.41125000 0.12375000
vt 0.70117188 0.00195312
vn 1.00000000 0.00000000 0.00000000
f 921/921/921 922/922/922 923/923/923 924/924/924
usemtl texture_0
v 0.58250000 0.41125000 0.12375000
vt 0.69921875 0.00195312
vn -1.00000000 0.00000000 0.00000000
v 0.58250000 0.38625000 0.12375000
vt 0.69921875 0.00390625
vn -1.00000000 0.00000000 0.00000000
v 0.58250000 0.38625000 0.12875000
vt 0.70117188 0.00390625
vn -1.00000000 0.00000000 0.00000000
v 0.58250000 0.41125000 0.12875000
vt 0.70117188 0.00195312
vn -1.00000000 0.00000000 0.00000000
f 925/925/925 926/926/926 927/927/927 928/928/928
usemtl texture_0
v 0.58250000 0.41125000 0.12375000
vt 0.70507812 0.00195312
vn 0.00000000 1.00000000 0.00000000
v 0.58250000 0.41125000 0.12875000
vt 0.70507812 0.00390625
vn 0.00000000 1.00000000 0.00000000
v 0.60625000 0.41125000 0.12875000
vt 0.70703125 0.00390625
vn 0.00000000 1.00000000 0.00000000
v 0.60625000 0.41125000 0.12375000
vt 0.70703125 0.00195312
vn 0.00000000 1.00000000 0.00000000
f 929/929/929 930/930/930 931/931/931 932/932/932
usemtl texture_0
v 0.58250000 0.38625000 0.12875000
vt 0.70507812 0.00195312
vn 0.00000000 -1.00000000 0.00000000
v 0.58250000 0.38625000 0.12375000
vt 0.70507812 0.00390625
vn 0.00000000 -1.00000000 0.00000000
v 0.60625000 0.38625000 0.12375000
vt 0.70703125 0.00390625
vn 0.00000000 -1.00000000 0.00000000
v 0.60625000 0.38625000 0.12875000
vt 0.70703125 0.00195312
vn 0.00000000 -1.00000000 0.00000000
f 933/933/933 934/934/934 935/935/935 936/936/936
usemtl texture_0
v 0.62000000 0.36312500 0.12343750
vt 0.71093750 0.00195312
vn 0.00000000 -0.00000000 -1.00000000
v 0.62000000 0.35187500 0.12343750
vt 0.71093750 0.00390625
vn 0.00000000 -0.00000000 -1.00000000
v 0.60875000 0.35187500 0.12343750
vt 0.71289062 0.00390625
vn 0.00000000 -0.00000000 -1.00000000
v 0.60875000 0.36312500 0.12343750
vt 0.71289062 0.00195312
vn 0.00000000 -0.00000000 -1.00000000
f 937/937/937 938/938/938 939/939/939 940/940/940
usemtl texture_0
v 0.60875000 0.36312500 0.12843750
vt 0.71093750 0.00195312
vn 0.00000000 0.00000000 1.00000000
v 0.60875000 0.35187500 0.12843750
vt 0.71093750 0.00390625
vn 0.00000000 0.00000000 1.00000000
v 0.62000000 0.35187500 0.12843750
vt 0.71289062 0.00390625
vn 0.00000000 0.00000000 1.00000000
v 0.62000000 0.36312500 0.12843750
vt 0.71289062 0.00195312
vn 0.00000000 0.00000000 1.00000000
f 941/941/941 942/942/942 943/943/943 944/944/944
usemtl texture_0
v 0.62000000 0.36312500 0.12843750
vt 0.71093750 0.00195312
vn 1.00000000 0.00000000 0.00000000
v 0.62000000 0.35187500 0.12843750
vt 0.71093750 0.00390625
vn 1.00000000 0.00000000 0.00000000
v 0.62000000 0.35187500 0.12343750
vt 0.71289062 0.00390625
vn 1.00000000 0.00000000 0.00000000
v 0.62000000 0.36312500 0.12343750
vt 0.71289062 0.00195312
vn 1.00000000 0.00000000 0.00000000
f 945/945/945 946/946/946 947/947/947 948/948/948
usemtl texture_0
v 0.60875000 0.36312500 0.12343750
vt 0.71093750 0.00195312
vn -1.00000000 0.00000000 0.00000000
v 0.60875000 0.35187500 0.12343750
vt 0.71093750 0.00390625
vn -1.00000000 0.00000000 0.00000000
v 0.60875000 0.35187500 0.12843750
vt 0.71289062 0.00390625
vn -1.00000000 0.00000000 0.00000000
v 0.60875000 0.36312500 0.12843750
vt 0.71289062 0.00195312
vn -1.00000000 0.00000000 0.00000000
f 949/949/949 950/950/950 951/951/951 952/952/952
usemtl texture_0
v 0.60875000 0.36312500 0.12343750
vt 0.71679688 0.00195312
vn 0.00000000 1.00000000 0.00000000
v 0.60875000 0.36312500 0.12843750
vt 0.71679688 0.00390625
vn 0.00000000 1.00000000 0.00000000
v 0.62000000 0.36312500 0.12843750
vt 0.71875000 0.00390625
vn 0.00000000 1.00000000 0.00000000
v 0.62000000 0.36312500 0.12343750
vt 0.71875000 0.00195312
vn 0.00000000 1.00000000 0.00000000
f 953/953/953 954/954/954 955/955/955 956/956/956
usemtl texture_0
v 0.60875000 0.35187500 0.12843750
vt 0.71679688 0.00195312
vn 0.00000000 -1.00000000 0.00000000
v 0.60875000 0.35187500 0.12343750
vt 0.71679688 0.00390625
vn 0.00000000 -1.00000000 0.00000000
v 0.62000000 0.35187500 0.12343750
vt 0.71875000 0.00390625
vn 0.00000000 -1.00000000 0.00000000
v 0.62000000 0.35187500 0.12843750
vt 0.71875000 0.00195312
vn 0.00000000 -1.00000000 0.00000000
f 957/957/957 958/958/958 959/959/959 960/960/960
usemtl texture_0
v 0.36562500 0.34375000 0.12562500
vt 0.72265625 0.00195312
vn 0.00000000 -0.00000000 -1.00000000
v 0.36562500 0.31250000 0.12562500
vt 0.72265625 0.00585938
vn 0.00000000 -0.00000000 -1.00000000
v 0.30937500 0.31250000 0.12562500
vt 0.72851562 0.00585938
vn 0.00000000 -0.00000000 -1.00000000
v 0.30937500 0.34375000 0.12562500
vt 0.72851562 0.00195312
vn 0.00000000 -0.00000000 -1.00000000
f 961/961/961 962/962/962 963/963/963 964/964/964
usemtl texture_0
v 0.30937500 0.34375000 0.13375000
vt 0.72265625 0.00195312
vn 0.00000000 0.00000000 1.00000000
v 0.30937500 0.31250000 0.13375000
vt 0.72265625 0.00585938
vn 0.00000000 0.00000000 1.00000000
v 0.36562500 0.31250000 0.13375000
vt 0.72851562 0.00585938
vn 0.00000000 0.00000000 1.00000000
v 0.36562500 0.34375000 0.13375000
vt 0.72851562 0.00195312
vn 0.00000000 0.00000000 1.00000000
f 965/965/965 966/966/966 967/967/967 968/968/968
usemtl texture_0
v 0.36562500 0.34375000 0.13375000
vt 0.73242188 0.00195312
vn 1.00000000 0.00000000 0.00000000
v 0.36562500 0.31250000 0.13375000
vt 0.73242188 0.00585938
vn 1.00000000 0.00000000 0.00000000
v 0.36562500 0.31250000 0.12562500
vt 0.73437500 0.00585938
vn 1.00000000 0.00000000 0.00000000
v 0.36562500 0.34375000 0.12562500
vt 0.73437500 0.00195312
vn 1.00000000 0.00000000 0.00000000
f 969/969/969 970/970/970 971/971/971 972/972/972
usemtl texture_0
v 0.30937500 0.34375000 0.12562500
vt 0.73242188 0.00195312
vn -1.00000000 0.00000000 0.00000000
v 0.30937500 0.31250000 0.12562500
vt 0.73242188 0.00585938
vn -1.00000000 0.00000000 0.00000000
v 0.30937500 0.31250000 0.13375000
vt 0.73437500 0.00585938
vn -1.00000000 0.00000000 0.00000000
v 0.30937500 0.34375000 0.13375000
vt 0.73437500 0.00195312
vn -1.00000000 0.00000000 0.00000000
f 973/973/973 974/974/974 975/975/975 976/976/976
usemtl texture_0
v 0.30937500 0.34375000 0.12562500
vt 0.73828125 0.00195312
vn 0.00000000 1.00000000 0.00000000
v 0.30937500 0.34375000 0.13375000
vt 0.73828125 0.00390625
vn 0.00000000 1.00000000 0.00000000
v 0.36562500 0.34375000 0.13375000
vt 0.74414062 0.00390625
vn 0.00000000 1.00000000 0.00000000
v 0.36562500 0.34375000 0.12562500
vt 0.74414062 0.00195312
vn 0.00000000 1.00000000 0.00000000
f 977/977/977 978/978/978 979/979/979 980/980/980
usemtl texture_0
v 0.30937500 0.31250000 0.13375000
vt 0.73828125 0.00195312
vn 0.00000000 -1.00000000 0.00000000
v 0.30937500 0.31250000 0.12562500
vt 0.73828125 0.00390625
vn 0.00000000 -1.00000000 0.00000000
v 0.36562500 0.31250000 0.12562500
vt 0.74414062 0.00390625
vn 0.00000000 -1.00000000 0.00000000
v 0.36562500 0.31250000 0.13375000
vt 0.74414062 0.00195312
vn 0.00000000 -1.00000000 0.00000000
f 981/981/981 982/982/982 983/983/983 984/984/984
usemtl texture_0
v 0.30937500 0.33437500 0.12562500
vt 0.74804688 0.00195312
vn 0.00000000 -0.00000000 -1.00000000
v 0.30937500 0.32187500 0.12562500
vt 0.74804688 0.00390625
vn 0.00000000 -0.00000000 -1.00000000
v 0.30000000 0.32187500 0.12562500
vt 0.75000000 0.00390625
vn 0.00000000 -0.00000000 -1.00000000
v 0.30000000 0.33437500 0.12562500
vt 0.75000000 0.00195312
vn 0.00000000 -0.00000000 -1.00000000
f 985/985/985 986/986/986 987/987/987 988/988/988
usemtl texture_0
v 0.30000000 0.33437500 0.13375000
vt 0.74804688 0.00195312
vn 0.00000000 0.00000000 1.00000000
v 0.30000000 0.32187500 0.13375000
vt 0.74804688 0.00390625
vn 0.00000000 0.00000000 1.00000000
v 0.30937500 0.32187500 0.13375000
vt 0.75000000 0.00390625
vn 0.00000000 0.00000000 1.00000000
v 0.30937500 0.33437500 0.13375000
vt 0.75000000 0.00195312
vn 0.00000000 0.00000000 1.00000000
f 989/989/989 990/990/990 991/991/991 992/992/992
usemtl texture_0
v 0.30937500 0.33437500 0.13375000
vt 0.74804688 0.00195312
vn 1.00000000 0.00000000 0.00000000
v 0.30937500 0.32187500 0.13375000
vt 0.74804688 0.00390625
vn 1.00000000 0.00000000 0.00000000
v 0.30937500 0.32187500 0.12562500
vt 0.75000000 0.00390625
vn 1.00000000 0.00000000 0.00000000
v 0.30937500 0.33437500 0.12562500
vt 0.75000000 0.00195312
vn 1.00000000 0.00000000 0.00000000
f 993/993/993 994/994/994 995/995/995 996/996/996
usemtl texture_0
v 0.30000000 0.33437500 0.12562500
vt 0.74804688 0.00195312
vn -1.00000000 0.00000000 0.00000000
v 0.30000000 0.32187500 0.12562500
vt 0.74804688 0.00390625
vn -1.00000000 0.00000000 0.00000000
v 0.30000000 0.32187500 0.13375000
vt 0.75000000 0.00390625
vn -1.00000000 0.00000000 0.00000000
v 0.30000000 0.33437500 0.13375000
vt 0.75000000 0.00195312
vn -1.00000000 0.00000000 0.00000000
f 997/997/997 998/998/998 999/999/999 1000/1000/1000
usemtl texture_0
v 0.30000000 0.33437500 0.12562500
vt 0.75390625 0.00195312
vn 0.00000000 1.00000000 0.00000000
v 0.30000000 0.33437500 0.13375000
vt 0.75390625 0.00390625
vn 0.00000000 1.00000000 0.00000000
v 0.30937500 0.33437500 0.13375000
vt 0.75585938 0.00390625
vn 0.00000000 1.00000000 0.00000000
v 0.30937500 0.33437500 0.12562500
vt 0.75585938 0.00195312
vn 0.00000000 1.00000000 0.00000000
f 1001/1001/1001 1002/1002/1002 1003/1003/1003 1004/1004/1004
usemtl texture_0
v 0.30000000 0.32187500 0.13375000
vt 0.75390625 0.00195312
vn 0.00000000 -1.00000000 0.00000000
v 0.30000000 0.32187500 0.12562500
vt 0.75390625 0.00390625
vn 0.00000000 -1.00000000 0.00000000
v 0.30937500 0.32187500 0.12562500
vt 0.75585938 0.00390625
vn 0.00000000 -1.00000000 0.00000000
v 0.30937500 0.32187500 0.13375000
vt 0.75585938 0.00195312
vn 0.00000000 -1.00000000 0.00000000
f 1005/1005/1005 1006/1006/1006 1007/1007/1007 1008/1008/1008
usemtl texture_0
v 0.37500000 0.33437500 0.12562500
vt 0.74804688 0.00195312
vn 0.00000000 -0.00000000 -1.00000000
v 0.37500000 0.32187500 0.12562500
vt 0.74804688 0.00390625
vn 0.00000000 -0.00000000 -1.00000000
v 0.36562500 0.32187500 0.12562500
vt 0.75000000 0.00390625
vn 0.00000000 -0.00000000 -1.00000000
v 0.36562500 0.33437500 0.12562500
vt 0.75000000 0.00195312
vn 0.00000000 -0.00000000 -1.00000000
f 1009/1009/1009 1010/1010/1010 1011/1011/1011 1012/1012/1012
usemtl texture_0
v 0.36562500 0.33437500 0.13375000
vt 0.74804688 0.00195312
vn 0.00000000 0.00000000 1.00000000
v 0.36562500 0.32187500 0.13375000
vt 0.74804688 0.00390625
vn 0.00000000 0.00000000 1.00000000
v 0.37500000 0.32187500 0.13375000
vt 0.75000000 0.00390625
vn 0.00000000 0.00000000 1.00000000
v 0.37500000 0.33437500 0.13375000
vt 0.75000000 0.00195312
vn 0.00000000 0.00000000 1.00000000
f 1013/1013/1013 1014/1014/1014 1015/1015/1015 1016/1016/1016
usemtl texture_0
v 0.37500000 0.33437500 0.13375000
vt 0.74804688 0.00195312
vn 1.00000000 0.00000000 0.00000000
v 0.37500000 0.32187500 0.13375000
vt 0.74804688 0.00390625
vn 1.00000000 0.00000000 0.00000000
v 0.37500000 0.32187500 0.12562500
vt 0.75000000 0.00390625
vn 1.00000000 0.00000000 0.00000000
v 0.37500000 0.33437500 0.12562500
vt 0.75000000 0.00195312
vn 1.00000000 0.00000000 0.00000000
f 1017/1017/1017 1018/1018/1018 1019/1019/1019 1020/1020/1020
usemtl texture_0
v 0.36562500 0.33437500 0.12562500
vt 0.74804688 0.00195312
vn -1.00000000 0.00000000 0.00000000
v 0.36562500 0.32187500 0.12562500
vt 0.74804688 0.00390625
vn -1.00000000 0.00000000 0.00000000
v 0.36562500 0.32187500 0.13375000
vt 0.75000000 0.00390625
vn -1.00000000 0.00000000 0.00000000
v 0.36562500 0.33437500 0.13375000
vt 0.75000000 0.00195312
vn -1.00000000 0.00000000 0.00000000
f 1021/1021/1021 1022/1022/1022 1023/1023/1023 1024/1024/1024
usemtl texture_0
v 0.36562500 0.33437500 0.12562500
vt 0.75390625 0.00195312
vn 0.00000000 1.00000000 0.00000000
v 0.36562500 0.33437500 0.13375000
vt 0.75390625 0.00390625
vn 0.00000000 1.00000000 0.00000000
v 0.37500000 0.33437500 0.13375000
vt 0.75585938 0.00390625
vn 0.00000000 1.00000000 0.00000000
v 0.37500000 0.33437500 0.12562500
vt 0.75585938 0.00195312
vn 0.00000000 1.00000000 0.00000000
f 1025/1025/1025 1026/1026/1026 1027/1027/1027 1028/1028/1028
usemtl texture_0
v 0.36562500 0.32187500 0.13375000
vt 0.75390625 0.00195312
vn 0.00000000 -1.00000000 0.00000000
v 0.36562500 0.32187500 0.12562500
vt 0.75390625 0.00390625
vn 0.00000000 -1.00000000 0.00000000
v 0.37500000 0.32187500 0.12562500
vt 0.75585938 0.00390625
vn 0.00000000 -1.00000000 0.00000000
v 0.37500000 0.32187500 0.13375000
vt 0.75585938 0.00195312
vn 0.00000000 -1.00000000 0.00000000
f 1029/1029/1029 1030/1030/1030 1031/1031/1031 1032/1032/1032
usemtl texture_0
v 0.69062500 0.34375000 0.12562500
vt 0.72265625 0.00195312
vn 0.00000000 -0.00000000 -1.00000000
v 0.69062500 0.31250000 0.12562500
vt 0.72265625 0.00585938
vn 0.00000000 -0.00000000 -1.00000000
v 0.63437500 0.31250000 0.12562500
vt 0.72851562 0.00585938
vn 0.00000000 -0.00000000 -1.00000000
v 0.63437500 0.34375000 0.12562500
vt 0.72851562 0.00195312
vn 0.00000000 -0.00000000 -1.00000000
f 1033/1033/1033 1034/1034/1034 1035/1035/1035 1036/1036/1036
usemtl texture_0
v 0.63437500 0.34375000 0.13375000
vt 0.72265625 0.00195312
vn 0.00000000 0.00000000 1.00000000
v 0.63437500 0.31250000 0.13375000
vt 0.72265625 0.00585938
vn 0.00000000 0.00000000 1.00000000
v 0.69062500 0.31250000 0.13375000
vt 0.72851562 0.00585938
vn 0.00000000 0.00000000 1.00000000
v 0.69062500 0.34375000 0.13375000
vt 0.72851562 0.00195312
vn 0.00000000 0.00000000 1.00000000
f 1037/1037/1037 1038/1038/1038 1039/1039/1039 1040/1040/1040
usemtl texture_0
v 0.69062500 0.34375000 0.13375000
vt 0.73242188 0.00195312
vn 1.00000000 0.00000000 0.00000000
v 0.69062500 0.31250000 0.13375000
vt 0.73242188 0.00585938
vn 1.00000000 0.00000000 0.00000000
v 0.69062500 0.31250000 0.12562500
vt 0.73437500 0.00585938
vn 1.00000000 0.00000000 0.00000000
v 0.69062500 0.34375000 0.12562500
vt 0.73437500 0.00195312
vn 1.00000000 0.00000000 0.00000000
f 1041/1041/1041 1042/1042/1042 1043/1043/1043 1044/1044/1044
usemtl texture_0
v 0.63437500 0.34375000 0.12562500
vt 0.73242188 0.00195312
vn -1.00000000 0.00000000 0.00000000
v 0.63437500 0.31250000 0.12562500
vt 0.73242188 0.00585938
vn -1.00000000 0.00000000 0.00000000
v 0.63437500 0.31250000 0.13375000
vt 0.73437500 0.00585938
vn -1.00000000 0.00000000 0.00000000
v 0.63437500 0.34375000 0.13375000
vt 0.73437500 0.00195312
vn -1.00000000 0.00000000 0.00000000
f 1045/1045/1045 1046/1046/1046 1047/1047/1047 1048/1048/1048
usemtl texture_0
v 0.63437500 0.34375000 0.12562500
vt 0.73828125 0.00195312
vn 0.00000000 1.00000000 0.00000000
v 0.63437500 0.34375000 0.13375000
vt 0.73828125 0.00390625
vn 0.00000000 1.00000000 0.00000000
v 0.69062500 0.34375000 0.13375000
vt 0.74414062 0.00390625
vn 0.00000000 1.00000000 0.00000000
v 0.69062500 0.34375000 0.12562500
vt 0.74414062 0.00195312
vn 0.00000000 1.00000000 0.00000000
f 1049/1049/1049 1050/1050/1050 1051/1051/1051 1052/1052/1052
usemtl texture_0
v 0.63437500 0.31250000 0.13375000
vt 0.73828125 0.00195312
vn 0.00000000 -1.00000000 0.00000000
v 0.63437500 0.31250000 0.12562500
vt 0.73828125 0.00390625
vn 0.00000000 -1.00000000 0.00000000
v 0.69062500 0.31250000 0.12562500
vt 0.74414062 0.00390625
vn 0.00000000 -1.00000000 0.00000000
v 0.69062500 0.31250000 0.13375000
vt 0.74414062 0.00195312
vn 0.00000000 -1.00000000 0.00000000
f 1053/1053/1053 1054/1054/1054 1055/1055/1055 1056/1056/1056
usemtl texture_0
v 0.63437500 0.33437500 0.12562500
vt 0.74804688 0.00195312
vn 0.00000000 -0.00000000 -1.00000000
v 0.63437500 0.32187500 0.12562500
vt 0.74804688 0.00390625
vn 0.00000000 -0.00000000 -1.00000000
v 0.62500000 0.32187500 0.12562500
vt 0.75000000 0.00390625
vn 0.00000000 -0.00000000 -1.00000000
v 0.62500000 0.33437500 0.12562500
vt 0.75000000 0.00195312
vn 0.00000000 -0.00000000 -1.00000000
f 1057/1057/1057 1058/1058/1058 1059/1059/1059 1060/1060/1060
usemtl texture_0
v 0.62500000 0.33437500 0.13375000
vt 0.74804688 0.00195312
vn 0.00000000 0.00000000 1.00000000
v 0.62500000 0.32187500 0.13375000
vt 0.74804688 0.00390625
vn 0.00000000 0.00000000 1.00000000
v 0.63437500 0.32187500 0.13375000
vt 0.75000000 0.00390625
vn 0.00000000 0.00000000 1.00000000
v 0.63437500 0.33437500 0.13375000
vt 0.75000000 0.00195312
vn 0.00000000 0.00000000 1.00000000
f 1061/1061/1061 1062/1062/1062 1063/1063/1063 1064/1064/1064
usemtl texture_0
v 0.63437500 0.33437500 0.13375000
vt 0.74804688 0.00195312
vn 1.00000000 0.00000000 0.00000000
v 0.63437500 0.32187500 0.13375000
vt 0.74804688 0.00390625
vn 1.00000000 0.00000000 0.00000000
v 0.63437500 0.32187500 0.12562500
vt 0.75000000 0.00390625
vn 1.00000000 0.00000000 0.00000000
v 0.63437500 0.33437500 0.12562500
vt 0.75000000 0.00195312
vn 1.00000000 0.00000000 0.00000000
f 1065/1065/1065 1066/1066/1066 1067/1067/1067 1068/1068/1068
usemtl texture_0
v 0.62500000 0.33437500 0.12562500
vt 0.74804688 0.00195312
vn -1.00000000 0.00000000 0.00000000
v 0.62500000 0.32187500 0.12562500
vt 0.74804688 0.00390625
vn -1.00000000 0.00000000 0.00000000
v 0.62500000 0.32187500 0.13375000
vt 0.75000000 0.00390625
vn -1.00000000 0.00000000 0.00000000
v 0.62500000 0.33437500 0.13375000
vt 0.75000000 0.00195312
vn -1.00000000 0.00000000 0.00000000
f 1069/1069/1069 1070/1070/1070 1071/1071/1071 1072/1072/1072
usemtl texture_0
v 0.62500000 0.33437500 0.12562500
vt 0.75390625 0.00195312
vn 0.00000000 1.00000000 0.00000000
v 0.62500000 0.33437500 0.13375000
vt 0.75390625 0.00390625
vn 0.00000000 1.00000000 0.00000000
v 0.63437500 0.33437500 0.13375000
vt 0.75585938 0.00390625
vn 0.00000000 1.00000000 0.00000000
v 0.63437500 0.33437500 0.12562500
vt 0.75585938 0.00195312
vn 0.00000000 1.00000000 0.00000000
f 1073/1073/1073 1074/1074/1074 1075/1075/1075 1076/1076/1076
usemtl texture_0
v 0.62500000 0.32187500 0.13375000
vt 0.75390625 0.00195312
vn 0.00000000 -1.00000000 0.00000000
v 0.62500000 0.32187500 0.12562500
vt 0.75390625 0.00390625
vn 0.00000000 -1.00000000 0.00000000
v 0.63437500 0.32187500 0.12562500
vt 0.75585938 0.00390625
vn 0.00000000 -1.00000000 0.00000000
v 0.63437500 0.32187500 0.13375000
vt 0.75585938 0.00195312
vn 0.00000000 -1.00000000 0.00000000
f 1077/1077/1077 1078/1078/1078 1079/1079/1079 1080/1080/1080
usemtl texture_0
v 0.70000000 0.33437500 0.12562500
vt 0.74804688 0.00195312
vn 0.00000000 -0.00000000 -1.00000000
v 0.70000000 0.32187500 0.12562500
vt 0.74804688 0.00390625
vn 0.00000000 -0.00000000 -1.00000000
v 0.69062500 0.32187500 0.12562500
vt 0.75000000 0.00390625
vn 0.00000000 -0.00000000 -1.00000000
v 0.69062500 0.33437500 0.12562500
vt 0.75000000 0.00195312
vn 0.00000000 -0.00000000 -1.00000000
f 1081/1081/1081 1082/1082/1082 1083/1083/1083 1084/1084/1084
usemtl texture_0
v 0.69062500 0.33437500 0.13375000
vt 0.74804688 0.00195312
vn 0.00000000 0.00000000 1.00000000
v 0.69062500 0.32187500 0.13375000
vt 0.74804688 0.00390625
vn 0.00000000 0.00000000 1.00000000
v 0.70000000 0.32187500 0.13375000
vt 0.75000000 0.00390625
vn 0.00000000 0.00000000 1.00000000
v 0.70000000 0.33437500 0.13375000
vt 0.75000000 0.00195312
vn 0.00000000 0.00000000 1.00000000
f 1085/1085/1085 1086/1086/1086 1087/1087/1087 1088/1088/1088
usemtl texture_0
v 0.70000000 0.33437500 0.13375000
vt 0.74804688 0.00195312
vn 1.00000000 0.00000000 0.00000000
v 0.70000000 0.32187500 0.13375000
vt 0.74804688 0.00390625
vn 1.00000000 0.00000000 0.00000000
v 0.70000000 0.32187500 0.12562500
vt 0.75000000 0.00390625
vn 1.00000000 0.00000000 0.00000000
v 0.70000000 0.33437500 0.12562500
vt 0.75000000 0.00195312
vn 1.00000000 0.00000000 0.00000000
f 1089/1089/1089 1090/1090/1090 1091/1091/1091 1092/1092/1092
usemtl texture_0
v 0.69062500 0.33437500 0.12562500
vt 0.74804688 0.00195312
vn -1.00000000 0.00000000 0.00000000
v 0.69062500 0.32187500 0.12562500
vt 0.74804688 0.00390625
vn -1.00000000 0.00000000 0.00000000
v 0.69062500 0.32187500 0.13375000
vt 0.75000000 0.00390625
vn -1.00000000 0.00000000 0.00000000
v 0.69062500 0.33437500 0.13375000
vt 0.75000000 0.00195312
vn -1.00000000 0.00000000 0.00000000
f 1093/1093/1093 1094/1094/1094 1095/1095/1095 1096/1096/1096
usemtl texture_0
v 0.69062500 0.33437500 0.12562500
vt 0.75390625 0.00195312
vn 0.00000000 1.00000000 0.00000000
v 0.69062500 0.33437500 0.13375000
vt 0.75390625 0.00390625
vn 0.00000000 1.00000000 0.00000000
v 0.70000000 0.33437500 0.13375000
vt 0.75585938 0.00390625
vn 0.00000000 1.00000000 0.00000000
v 0.70000000 0.33437500 0.12562500
vt 0.75585938 0.00195312
vn 0.00000000 1.00000000 0.00000000
f 1097/1097/1097 1098/1098/1098 1099/1099/1099 1100/1100/1100
usemtl texture_0
v 0.69062500 0.32187500 0.13375000
vt 0.75390625 0.00195312
vn 0.00000000 -1.00000000 0.00000000
v 0.69062500 0.32187500 0.12562500
vt 0.75390625 0.00390625
vn 0.00000000 -1.00000000 0.00000000
v 0.70000000 0.32187500 0.12562500
vt 0.75585938 0.00390625
vn 0.00000000 -1.00000000 0.00000000
v 0.70000000 0.32187500 0.13375000
vt 0.75585938 0.00195312
vn 0.00000000 -1.00000000 0.00000000
f 1101/1101/1101 1102/1102/1102 1103/1103/1103 1104/1104/1104
usemtl texture_0
v 0.51687500 0.29750000 0.12437500
vt 0.75976562 0.00195312
vn 0.00000000 -0.00000000 -1.00000000
v 0.51687500 0.28750000 0.12437500
vt 0.75976562 0.00390625
vn 0.00000000 -0.00000000 -1.00000000
v 0.48312500 0.28750000 0.12437500
vt 0.76367188 0.00390625
vn 0.00000000 -0.00000000 -1.00000000
v 0.48312500 0.29750000 0.12437500
vt 0.76367188 0.00195312
vn 0.00000000 -0.00000000 -1.00000000
f 1105/1105/1105 1106/1106/1106 1107/1107/1107 1108/1108/1108
usemtl texture_0
v 0.48312500 0.29750000 0.13187500
vt 0.75976562 0.00195312
vn 0.00000000 0.00000000 1.00000000
v 0.48312500 0.28750000 0.13187500
vt 0.75976562 0.00390625
vn 0.00000000 0.00000000 1.00000000
v 0.51687500 0.28750000 0.13187500
vt 0.76367188 0.00390625
vn 0.00000000 0.00000000 1.00000000
v 0.51687500 0.29750000 0.13187500
vt 0.76367188 0.00195312
vn 0.00000000 0.00000000 1.00000000
f 1109/1109/1109 1110/1110/1110 1111/1111/1111 1112/1112/1112
usemtl texture_0
v 0.51687500 0.29750000 0.13187500
vt 0.76757812 0.00195312
vn 1.00000000 0.00000000 0.00000000
v 0.51687500 0.28750000 0.13187500
vt 0.76757812 0.00390625
vn 1.00000000 0.00000000 0.00000000
v 0.51687500 0.28750000 0.12437500
vt 0.76953125 0.00390625
vn 1.00000000 0.00000000 0.00000000
v 0.51687500 0.29750000 0.12437500
vt 0.76953125 0.00195312
vn 1.00000000 0.00000000 0.00000000
f 1113/1113/1113 1114/1114/1114 1115/1115/1115 1116/1116/1116
usemtl texture_0
v 0.48312500 0.29750000 0.12437500
vt 0.76757812 0.00195312
vn -1.00000000 0.00000000 0.00000000
v 0.48312500 0.28750000 0.12437500
vt 0.76757812 0.00390625
vn -1.00000000 0.00000000 0.00000000
v 0.48312500 0.28750000 0.13187500
vt 0.76953125 0.00390625
vn -1.00000000 0.00000000 0.00000000
v 0.48312500 0.29750000 0.13187500
vt 0.76953125 0.00195312
vn -1.00000000 0.00000000 0.00000000
f 1117/1117/1117 1118/1118/1118 1119/1119/1119 1120/1120/1120
usemtl texture_0
v 0.48312500 0.29750000 0.12437500
vt 0.67968750 0.00195312
vn 0.00000000 1.00000000 0.00000000
v 0.48312500 0.29750000 0.13187500
vt 0.67968750 0.00390625
vn 0.00000000 1.00000000 0.00000000
v 0.51687500 0.29750000 0.13187500
vt 0.68359375 0.00390625
vn 0.00000000 1.00000000 0.00000000
v 0.51687500 0.29750000 0.12437500
vt 0.68359375 0.00195312
vn 0.00000000 1.00000000 0.00000000
f 1121/1121/1121 1122/1122/1122 1123/1123/1123 1124/1124/1124
usemtl texture_0
v 0.48312500 0.28750000 0.13187500
vt 0.67968750 0.00195312
vn 0.00000000 -1.00000000 0.00000000
v 0.48312500 0.28750000 0.12437500
vt 0.67968750 0.00390625
vn 0.00000000 -1.00000000 0.00000000
v 0.51687500 0.28750000 0.12437500
vt 0.68359375 0.00390625
vn 0.00000000 -1.00000000 0.00000000
v 0.51687500 0.28750000 0.13187500
vt 0.68359375 0.00195312
vn 0.00000000 -1.00000000 0.00000000
f 1125/1125/1125 1126/1126/1126 1127/1127/1127 1128/1128/1128
usemtl texture_0
v 0.48312500 0.30875000 0.12437500
vt 0.76757812 0.00195312
vn 0.00000000 -0.00000000 -1.00000000
v 0.48312500 0.29625000 0.12437500
vt 0.76757812 0.00390625
vn 0.00000000 -0.00000000 -1.00000000
v 0.47250000 0.29625000 0.12437500
vt 0.76953125 0.00390625
vn 0.00000000 -0.00000000 -1.00000000
v 0.47250000 0.30875000 0.12437500
vt 0.76953125 0.00195312
vn 0.00000000 -0.00000000 -1.00000000
f 1129/1129/1129 1130/1130/1130 1131/1131/1131 1132/1132/1132
usemtl texture_0
v 0.47250000 0.30875000 0.13187500
vt 0.76757812 0.00195312
vn 0.00000000 0.00000000 1.00000000
v 0.47250000 0.29625000 0.13187500
vt 0.76757812 0.00390625
vn 0.00000000 0.00000000 1.00000000
v 0.48312500 0.29625000 0.13187500
vt 0.76953125 0.00390625
vn 0.00000000 0.00000000 1.00000000
v 0.48312500 0.30875000 0.13187500
vt 0.76953125 0.00195312
vn 0.00000000 0.00000000 1.00000000
f 1133/1133/1133 1134/1134/1134 1135/1135/1135 1136/1136/1136
usemtl texture_0
v 0.48312500 0.30875000 0.13187500
vt 0.76757812 0.00195312
vn 1.00000000 0.00000000 0.00000000
v 0.48312500 0.29625000 0.13187500
vt 0.76757812 0.00390625
vn 1.00000000 0.00000000 0.00000000
v 0.48312500 0.29625000 0.12437500
vt 0.76953125 0.00390625
vn 1.00000000 0.00000000 0.00000000
v 0.48312500 0.30875000 0.12437500
vt 0.76953125 0.00195312
vn 1.00000000 0.00000000 0.00000000
f 1137/1137/1137 1138/1138/1138 1139/1139/1139 1140/1140/1140
usemtl texture_0
v 0.47250000 0.30875000 0.12437500
vt 0.76757812 0.00195312
vn -1.00000000 0.00000000 0.00000000
v 0.47250000 0.29625000 0.12437500
vt 0.76757812 0.00390625
vn -1.00000000 0.00000000 0.00000000
v 0.47250000 0.29625000 0.13187500
vt 0.76953125 0.00390625
vn -1.00000000 0.00000000 0.00000000
v 0.47250000 0.30875000 0.13187500
vt 0.76953125 0.00195312
vn -1.00000000 0.00000000 0.00000000
f 1141/1141/1141 1142/1142/1142 1143/1143/1143 1144/1144/1144
usemtl texture_0
v 0.47250000 0.30875000 0.12437500
vt 0.69335938 0.00195312
vn 0.00000000 1.00000000 0.00000000
v 0.47250000 0.30875000 0.13187500
vt 0.69335938 0.00390625
vn 0.00000000 1.00000000 0.00000000
v 0.48312500 0.30875000 0.13187500
vt 0.69531250 0.00390625
vn 0.00000000 1.00000000 0.00000000
v 0.48312500 0.30875000 0.12437500
vt 0.69531250 0.00195312
vn 0.00000000 1.00000000 0.00000000
f 1145/1145/1145 1146/1146/1146 1147/1147/1147 1148/1148/1148
usemtl texture_0
v 0.47250000 0.29625000 0.13187500
vt 0.69335938 0.00195312
vn 0.00000000 -1.00000000 0.00000000
v 0.47250000 0.29625000 0.12437500
vt 0.69335938 0.00390625
vn 0.00000000 -1.00000000 0.00000000
v 0.48312500 0.29625000 0.12437500
vt 0.69531250 0.00390625
vn 0.00000000 -1.00000000 0.00000000
v 0.48312500 0.29625000 0.13187500
vt 0.69531250 0.00195312
vn 0.00000000 -1.00000000 0.00000000
f 1149/1149/1149 1150/1150/1150 1151/1151/1151 1152/1152/1152
usemtl texture_0
v 0.52750000 0.30875000 0.12437500
vt 0.76757812 0.00195312
vn 0.00000000 -0.00000000 -1.00000000
v 0.52750000 0.29625000 0.12437500
vt 0.76757812 0.00390625
vn 0.00000000 -0.00000000 -1.00000000
v 0.51687500 0.29625000 0.12437500
vt 0.76953125 0.00390625
vn 0.00000000 -0.00000000 -1.00000000
v 0.51687500 0.30875000 0.12437500
vt 0.76953125 0.00195312
vn 0.00000000 -0.00000000 -1.00000000
f 1153/1153/1153 1154/1154/1154 1155/1155/1155 1156/1156/1156
usemtl texture_0
v 0.51687500 0.30875000 0.13187500
vt 0.76757812 0.00195312
vn 0.00000000 0.00000000 1.00000000
v 0.51687500 0.29625000 0.13187500
vt 0.76757812 0.00390625
vn 0.00000000 0.00000000 1.00000000
v 0.52750000 0.29625000 0.13187500
vt 0.76953125 0.00390625
vn 0.00000000 0.00000000 1.00000000
v 0.52750000 0.30875000 0.13187500
vt 0.76953125 0.00195312
vn 0.00000000 0.00000000 1.00000000
f 1157/1157/1157 1158/1158/1158 1159/1159/1159 1160/1160/1160
usemtl texture_0
v 0.52750000 0.30875000 0.13187500
vt 0.76757812 0.00195312
vn 1.00000000 0.00000000 0.00000000
v 0.52750000 0.29625000 0.13187500
vt 0.76757812 0.00390625
vn 1.00000000 0.00000000 0.00000000
v 0.52750000 0.29625000 0.12437500
vt 0.76953125 0.00390625
vn 1.00000000 0.00000000 0.00000000
v 0.52750000 0.30875000 0.12437500
vt 0.76953125 0.00195312
vn 1.00000000 0.00000000 0.00000000
f 1161/1161/1161 1162/1162/1162 1163/1163/1163 1164/1164/1164
usemtl texture_0
v 0.51687500 0.30875000 0.12437500
vt 0.76757812 0.00195312
vn -1.00000000 0.00000000 0.00000000
v 0.51687500 0.29625000 0.12437500
vt 0.76757812 0.00390625
vn -1.00000000 0.00000000 0.00000000
v 0.51687500 0.29625000 0.13187500
vt 0.76953125 0.00390625
vn -1.00000000 0.00000000 0.00000000
v 0.51687500 0.30875000 0.13187500
vt 0.76953125 0.00195312
vn -1.00000000 0.00000000 0.00000000
f 1165/1165/1165 1166/1166/1166 1167/1167/1167 1168/1168/1168
usemtl texture_0
v 0.51687500 0.30875000 0.12437500
vt 0.69335938 0.00195312
vn 0.00000000 1.00000000 0.00000000
v 0.51687500 0.30875000 0.13187500
vt 0.69335938 0.00390625
vn 0.00000000 1.00000000 0.00000000
v 0.52750000 0.30875000 0.13187500
vt 0.69531250 0.00390625
vn 0.00000000 1.00000000 0.00000000
v 0.52750000 0.30875000 0.12437500
vt 0.69531250 0.00195312
vn 0.00000000 1.00000000 0.00000000
f 1169/1169/1169 1170/1170/1170 1171/1171/1171 1172/1172/1172
usemtl texture_0
v 0.51687500 0.29625000 0.13187500
vt 0.69335938 0.00195312
vn 0.00000000 -1.00000000 0.00000000
v 0.51687500 0.29625000 0.12437500
vt 0.69335938 0.00390625
vn 0.00000000 -1.00000000 0.00000000
v 0.52750000 0.29625000 0.12437500
vt 0.69531250 0.00390625
vn 0.00000000 -1.00000000 0.00000000
v 0.52750000 0.29625000 0.13187500
vt 0.69531250 0.00195312
vn 0.00000000 -1.00000000 0.00000000
f 1173/1173/1173 1174/1174/1174 1175/1175/1175 1176/1176/1176
usemtl texture_0
v 0.69687500 0.71250000 0.37500000
vt 0.77343750 0.00195312
vn 0.00000000 -0.00000000 -1.00000000
v 0.69687500 0.64687500 0.37500000
vt 0.77343750 0.00781250
vn 0.00000000 -0.00000000 -1.00000000
v 0.65312500 0.64687500 0.37500000
vt 0.77734375 0.00781250
vn 0.00000000 -0.00000000 -1.00000000
v 0.65312500 0.71250000 0.37500000
vt 0.77734375 0.00195312
vn 0.00000000 -0.00000000 -1.00000000
f 1177/1177/1177 1178/1178/1178 1179/1179/1179 1180/1180/1180
usemtl texture_0
v 0.65312500 0.71250000 0.39875000
vt 0.77343750 0.00195312
vn 0.00000000 0.00000000 1.00000000
v 0.65312500 0.64687500 0.39875000
vt 0.77343750 0.00781250
vn 0.00000000 0.00000000 1.00000000
v 0.69687500 0.64687500 0.39875000
vt 0.77734375 0.00781250
vn 0.00000000 0.00000000 1.00000000
v 0.69687500 0.71250000 0.39875000
vt 0.77734375 0.00195312
vn 0.00000000 0.00000000 1.00000000
f 1181/1181/1181 1182/1182/1182 1183/1183/1183 1184/1184/1184
usemtl texture_0
v 0.69687500 0.71250000 0.39875000
vt 0.78125000 0.00195312
vn 1.00000000 0.00000000 0.00000000
v 0.69687500 0.64687500 0.39875000
vt 0.78125000 0.00781250
vn 1.00000000 0.00000000 0.00000000
v 0.69687500 0.64687500 0.37500000
vt 0.78320312 0.00781250
vn 1.00000000 0.00000000 0.00000000
v 0.69687500 0.71250000 0.37500000
vt 0.78320312 0.00195312
vn 1.00000000 0.00000000 0.00000000
f 1185/1185/1185 1186/1186/1186 1187/1187/1187 1188/1188/1188
usemtl texture_0
v 0.65312500 0.71250000 0.37500000
vt 0.78125000 0.00195312
vn -1.00000000 0.00000000 0.00000000
v 0.65312500 0.64687500 0.37500000
vt 0.78125000 0.00781250
vn -1.00000000 0.00000000 0.00000000
v 0.65312500 0.64687500 0.39875000
vt 0.78320312 0.00781250
vn -1.00000000 0.00000000 0.00000000
v 0.65312500 0.71250000 0.39875000
vt 0.78320312 0.00195312
vn -1.00000000 0.00000000 0.00000000
f 1189/1189/1189 1190/1190/1190 1191/1191/1191 1192/1192/1192
usemtl texture_0
v 0.65312500 0.71250000 0.37500000
vt 0.78710938 0.00195312
vn 0.00000000 1.00000000 0.00000000
v 0.65312500 0.71250000 0.39875000
vt 0.78710938 0.00390625
vn 0.00000000 1.00000000 0.00000000
v 0.69687500 0.71250000 0.39875000
vt 0.79101562 0.00390625
vn 0.00000000 1.00000000 0.00000000
v 0.69687500 0.71250000 0.37500000
vt 0.79101562 0.00195312
vn 0.00000000 1.00000000 0.00000000
f 1193/1193/1193 1194/1194/1194 1195/1195/1195 1196/1196/1196
usemtl texture_0
v 0.65312500 0.64687500 0.39875000
vt 0.78710938 0.00195312
vn 0.00000000 -1.00000000 0.00000000
v 0.65312500 0.64687500 0.37500000
vt 0.78710938 0.00390625
vn 0.00000000 -1.00000000 0.00000000
v 0.69687500 0.64687500 0.37500000
vt 0.79101562 0.00390625
vn 0.00000000 -1.00000000 0.00000000
v 0.69687500 0.64687500 0.39875000
vt 0.79101562 0.00195312
vn 0.00000000 -1.00000000 0.00000000
f 1197/1197/1197 1198/1198/1198 1199/1199/1199 1200/1200/1200
usemtl texture_0
v 0.65312500 0.70000000 0.37500000
vt 0.79492188 0.00195312
vn 0.00000000 -0.00000000 -1.00000000
v 0.65312500 0.65937500 0.37500000
vt 0.79492188 0.00585938
vn 0.00000000 -0.00000000 -1.00000000
v 0.64062500 0.65937500 0.37500000
vt 0.79687500 0.00585938
vn 0.00000000 -0.00000000 -1.00000000
v 0.64062500 0.70000000 0.37500000
vt 0.79687500 0.00195312
vn 0.00000000 -0.00000000 -1.00000000
f 1201/1201/1201 1202/1202/1202 1203/1203/1203 1204/1204/1204
usemtl texture_0
v 0.64062500 0.70000000 0.39875000
vt 0.79492188 0.00195312
vn 0.00000000 0.00000000 1.00000000
v 0.64062500 0.65937500 0.39875000
vt 0.79492188 0.00585938
vn 0.00000000 0.00000000 1.00000000
v 0.65312500 0.65937500 0.39875000
vt 0.79687500 0.00585938
vn 0.00000000 0.00000000 1.00000000
v 0.65312500 0.70000000 0.39875000
vt 0.79687500 0.00195312
vn 0.00000000 0.00000000 1.00000000
f 1205/1205/1205 1206/1206/1206 1207/1207/1207 1208/1208/1208
usemtl texture_0
v 0.65312500 0.70000000 0.39875000
vt 0.79492188 0.00195312
vn 1.00000000 0.00000000 0.00000000
v 0.65312500 0.65937500 0.39875000
vt 0.79492188 0.00585938
vn 1.00000000 0.00000000 0.00000000
v 0.65312500 0.65937500 0.37500000
vt 0.79687500 0.00585938
vn 1.00000000 0.00000000 0.00000000
v 0.65312500 0.70000000 0.37500000
vt 0.79687500 0.00195312
vn 1.00000000 0.00000000 0.00000000
f 1209/1209/1209 1210/1210/1210 1211/1211/1211 1212/1212/1212
usemtl texture_0
v 0.64062500 0.70000000 0.37500000
vt 0.79492188 0.00195312
vn -1.00000000 0.00000000 0.00000000
v 0.64062500 0.65937500 0.37500000
vt 0.79492188 0.00585938
vn -1.00000000 0.00000000 0.00000000
v 0.64062500 0.65937500 0.39875000
vt 0.79687500 0.00585938
vn -1.00000000 0.00000000 0.00000000
v 0.64062500 0.70000000 0.39875000
vt 0.79687500 0.00195312
vn -1.00000000 0.00000000 0.00000000
f 1213/1213/1213 1214/1214/1214 1215/1215/1215 1216/1216/1216
usemtl texture_0
v 0.64062500 0.70000000 0.37500000
vt 0.80078125 0.00195312
vn 0.00000000 1.00000000 0.00000000
v 0.64062500 0.70000000 0.39875000
vt 0.80078125 0.00390625
vn 0.00000000 1.00000000 0.00000000
v 0.65312500 0.70000000 0.39875000
vt 0.80273438 0.00390625
vn 0.00000000 1.00000000 0.00000000
v 0.65312500 0.70000000 0.37500000
vt 0.80273438 0.00195312
vn 0.00000000 1.00000000 0.00000000
f 1217/1217/1217 1218/1218/1218 1219/1219/1219 1220/1220/1220
usemtl texture_0
v 0.64062500 0.65937500 0.39875000
vt 0.80078125 0.00195312
vn 0.00000000 -1.00000000 0.00000000
v 0.64062500 0.65937500 0.37500000
vt 0.80078125 0.00390625
vn 0.00000000 -1.00000000 0.00000000
v 0.65312500 0.65937500 0.37500000
vt 0.80273438 0.00390625
vn 0.00000000 -1.00000000 0.00000000
v 0.65312500 0.65937500 0.39875000
vt 0.80273438 0.00195312
vn 0.00000000 -1.00000000 0.00000000
f 1221/1221/1221 1222/1222/1222 1223/1223/1223 1224/1224/1224
usemtl texture_0
v 0.70937500 0.70000000 0.37500000
vt 0.79492188 0.00195312
vn 0.00000000 -0.00000000 -1.00000000
v 0.70937500 0.65937500 0.37500000
vt 0.79492188 0.00585938
vn 0.00000000 -0.00000000 -1.00000000
v 0.69687500 0.65937500 0.37500000
vt 0.79687500 0.00585938
vn 0.00000000 -0.00000000 -1.00000000
v 0.69687500 0.70000000 0.37500000
vt 0.79687500 0.00195312
vn 0.00000000 -0.00000000 -1.00000000
f 1225/1225/1225 1226/1226/1226 1227/1227/1227 1228/1228/1228
usemtl texture_0
v 0.69687500 0.70000000 0.39875000
vt 0.79492188 0.00195312
vn 0.00000000 0.00000000 1.00000000
v 0.69687500 0.65937500 0.39875000
vt 0.79492188 0.00585938
vn 0.00000000 0.00000000 1.00000000
v 0.70937500 0.65937500 0.39875000
vt 0.79687500 0.00585938
vn 0.00000000 0.00000000 1.00000000
v 0.70937500 0.70000000 0.39875000
vt 0.79687500 0.00195312
vn 0.00000000 0.00000000 1.00000000
f 1229/1229/1229 1230/1230/1230 1231/1231/1231 1232/1232/1232
usemtl texture_0
v 0.70937500 0.70000000 0.39875000
vt 0.79492188 0.00195312
vn 1.00000000 0.00000000 0.00000000
v 0.70937500 0.65937500 0.39875000
vt 0.79492188 0.00585938
vn 1.00000000 0.00000000 0.00000000
v 0.70937500 0.65937500 0.37500000
vt 0.79687500 0.00585938
vn 1.00000000 0.00000000 0.00000000
v 0.70937500 0.70000000 0.37500000
vt 0.79687500 0.00195312
vn 1.00000000 0.00000000 0.00000000
f 1233/1233/1233 1234/1234/1234 1235/1235/1235 1236/1236/1236
usemtl texture_0
v 0.69687500 0.70000000 0.37500000
vt 0.79492188 0.00195312
vn -1.00000000 0.00000000 0.00000000
v 0.69687500 0.65937500 0.37500000
vt 0.79492188 0.00585938
vn -1.00000000 0.00000000 0.00000000
v 0.69687500 0.65937500 0.39875000
vt 0.79687500 0.00585938
vn -1.00000000 0.00000000 0.00000000
v 0.69687500 0.70000000 0.39875000
vt 0.79687500 0.00195312
vn -1.00000000 0.00000000 0.00000000
f 1237/1237/1237 1238/1238/1238 1239/1239/1239 1240/1240/1240
usemtl texture_0
v 0.69687500 0.70000000 0.37500000
vt 0.80078125 0.00195312
vn 0.00000000 1.00000000 0.00000000
v 0.69687500 0.70000000 0.39875000
vt 0.80078125 0.00390625
vn 0.00000000 1.00000000 0.00000000
v 0.70937500 0.70000000 0.39875000
vt 0.80273438 0.00390625
vn 0.00000000 1.00000000 0.00000000
v 0.70937500 0.70000000 0.37500000
vt 0.80273438 0.00195312
vn 0.00000000 1.00000000 0.00000000
f 1241/1241/1241 1242/1242/1242 1243/1243/1243 1244/1244/1244
usemtl texture_0
v 0.69687500 0.65937500 0.39875000
vt 0.80078125 0.00195312
vn 0.00000000 -1.00000000 0.00000000
v 0.69687500 0.65937500 0.37500000
vt 0.80078125 0.00390625
vn 0.00000000 -1.00000000 0.00000000
v 0.70937500 0.65937500 0.37500000
vt 0.80273438 0.00390625
vn 0.00000000 -1.00000000 0.00000000
v 0.70937500 0.65937500 0.39875000
vt 0.80273438 0.00195312
vn 0.00000000 -1.00000000 0.00000000
f 1245/1245/1245 1246/1246/1246 1247/1247/1247 1248/1248/1248
usemtl texture_0
v 0.78437500 0.71250000 0.37500000
vt 0.77343750 0.00195312
vn 0.00000000 -0.00000000 -1.00000000
v 0.78437500 0.64687500 0.37500000
vt 0.77343750 0.00781250
vn 0.00000000 -0.00000000 -1.00000000
v 0.74062500 0.64687500 0.37500000
vt 0.77734375 0.00781250
vn 0.00000000 -0.00000000 -1.00000000
v 0.74062500 0.71250000 0.37500000
vt 0.77734375 0.00195312
vn 0.00000000 -0.00000000 -1.00000000
f 1249/1249/1249 1250/1250/1250 1251/1251/1251 1252/1252/1252
usemtl texture_0
v 0.74062500 0.71250000 0.39875000
vt 0.77343750 0.00195312
vn 0.00000000 0.00000000 1.00000000
v 0.74062500 0.64687500 0.39875000
vt 0.77343750 0.00781250
vn 0.00000000 0.00000000 1.00000000
v 0.78437500 0.64687500 0.39875000
vt 0.77734375 0.00781250
vn 0.00000000 0.00000000 1.00000000
v 0.78437500 0.71250000 0.39875000
vt 0.77734375 0.00195312
vn 0.00000000 0.00000000 1.00000000
f 1253/1253/1253 1254/1254/1254 1255/1255/1255 1256/1256/1256
usemtl texture_0
v 0.78437500 0.71250000 0.39875000
vt 0.78125000 0.00195312
vn 1.00000000 0.00000000 0.00000000
v 0.78437500 0.64687500 0.39875000
vt 0.78125000 0.00781250
vn 1.00000000 0.00000000 0.00000000
v 0.78437500 0.64687500 0.37500000
vt 0.78320312 0.00781250
vn 1.00000000 0.00000000 0.00000000
v 0.78437500 0.71250000 0.37500000
vt 0.78320312 0.00195312
vn 1.00000000 0.00000000 0.00000000
f 1257/1257/1257 1258/1258/1258 1259/1259/1259 1260/1260/1260
usemtl texture_0
v 0.74062500 0.71250000 0.37500000
vt 0.78125000 0.00195312
vn -1.00000000 0.00000000 0.00000000
v 0.74062500 0.64687500 0.37500000
vt 0.78125000 0.00781250
vn -1.00000000 0.00000000 0.00000000
v 0.74062500 0.64687500 0.39875000
vt 0.78320312 0.00781250
vn -1.00000000 0.00000000 0.00000000
v 0.74062500 0.71250000 0.39875000
vt 0.78320312 0.00195312
vn -1.00000000 0.00000000 0.00000000
f 1261/1261/1261 1262/1262/1262 1263/1263/1263 1264/1264/1264
usemtl texture_0
v 0.74062500 0.71250000 0.37500000
vt 0.78710938 0.00195312
vn 0.00000000 1.00000000 0.00000000
v 0.74062500 0.71250000 0.39875000
vt 0.78710938 0.00390625
vn 0.00000000 1.00000000 0.00000000
v 0.78437500 0.71250000 0.39875000
vt 0.79101562 0.00390625
vn 0.00000000 1.00000000 0.00000000
v 0.78437500 0.71250000 0.37500000
vt 0.79101562 0.00195312
vn 0.00000000 1.00000000 0.00000000
f 1265/1265/1265 1266/1266/1266 1267/1267/1267 1268/1268/1268
usemtl texture_0
v 0.74062500 0.64687500 0.39875000
vt 0.78710938 0.00195312
vn 0.00000000 -1.00000000 0.00000000
v 0.74062500 0.64687500 0.37500000
vt 0.78710938 0.00390625
vn 0.00000000 -1.00000000 0.00000000
v 0.78437500 0.64687500 0.37500000
vt 0.79101562 0.00390625
vn 0.00000000 -1.00000000 0.00000000
v 0.78437500 0.64687500 0.39875000
vt 0.79101562 0.00195312
vn 0.00000000 -1.00000000 0.00000000
f 1269/1269/1269 1270/1270/1270 1271/1271/1271 1272/1272/1272
usemtl texture_0
v 0.74062500 0.70000000 0.37500000
vt 0.79492188 0.00195312
vn 0.00000000 -0.00000000 -1.00000000
v 0.74062500 0.65937500 0.37500000
vt 0.79492188 0.00585938
vn 0.00000000 -0.00000000 -1.00000000
v 0.72812500 0.65937500 0.37500000
vt 0.79687500 0.00585938
vn 0.00000000 -0.00000000 -1.00000000
v 0.72812500 0.70000000 0.37500000
vt 0.79687500 0.00195312
vn 0.00000000 -0.00000000 -1.00000000
f 1273/1273/1273 1274/1274/1274 1275/1275/1275 1276/1276/1276
usemtl texture_0
v 0.72812500 0.70000000 0.39875000
vt 0.79492188 0.00195312
vn 0.00000000 0.00000000 1.00000000
v 0.72812500 0.65937500 0.39875000
vt 0.79492188 0.00585938
vn 0.00000000 0.00000000 1.00000000
v 0.74062500 0.65937500 0.39875000
vt 0.79687500 0.00585938
vn 0.00000000 0.00000000 1.00000000
v 0.74062500 0.70000000 0.39875000
vt 0.79687500 0.00195312
vn 0.00000000 0.00000000 1.00000000
f 1277/1277/1277 1278/1278/1278 1279/1279/1279 1280/1280/1280
usemtl texture_0
v 0.74062500 0.70000000 0.39875000
vt 0.79492188 0.00195312
vn 1.00000000 0.00000000 0.00000000
v 0.74062500 0.65937500 0.39875000
vt 0.79492188 0.00585938
vn 1.00000000 0.00000000 0.00000000
v 0.74062500 0.65937500 0.37500000
vt 0.79687500 0.00585938
vn 1.00000000 0.00000000 0.00000000
v 0.74062500 0.70000000 0.37500000
vt 0.79687500 0.00195312
vn 1.00000000 0.00000000 0.00000000
f 1281/1281/1281 1282/1282/1282 1283/1283/1283 1284/1284/1284
usemtl texture_0
v 0.72812500 0.70000000 0.37500000
vt 0.79492188 0.00195312
vn -1.00000000 0.00000000 0.00000000
v 0.72812500 0.65937500 0.37500000
vt 0.79492188 0.00585938
vn -1.00000000 0.00000000 0.00000000
v 0.72812500 0.65937500 0.39875000
vt 0.79687500 0.00585938
vn -1.00000000 0.00000000 0.00000000
v 0.72812500 0.70000000 0.39875000
vt 0.79687500 0.00195312
vn -1.00000000 0.00000000 0.00000000
f 1285/1285/1285 1286/1286/1286 1287/1287/1287 1288/1288/1288
usemtl texture_0
v 0.72812500 0.70000000 0.37500000
vt 0.80078125 0.00195312
vn 0.00000000 1.00000000 0.00000000
v 0.72812500 0.70000000 0.39875000
vt 0.80078125 0.00390625
vn 0.00000000 1.00000000 0.00000000
v 0.74062500 0.70000000 0.39875000
vt 0.80273438 0.00390625
vn 0.00000000 1.00000000 0.00000000
v 0.74062500 0.70000000 0.37500000
vt 0.80273438 0.00195312
vn 0.00000000 1.00000000 0.00000000
f 1289/1289/1289 1290/1290/1290 1291/1291/1291 1292/1292/1292
usemtl texture_0
v 0.72812500 0.65937500 0.39875000
vt 0.80078125 0.00195312
vn 0.00000000 -1.00000000 0.00000000
v 0.72812500 0.65937500 0.37500000
vt 0.80078125 0.00390625
vn 0.00000000 -1.00000000 0.00000000
v 0.74062500 0.65937500 0.37500000
vt 0.80273438 0.00390625
vn 0.00000000 -1.00000000 0.00000000
v 0.74062500 0.65937500 0.39875000
vt 0.80273438 0.00195312
vn 0.00000000 -1.00000000 0.00000000
f 1293/1293/1293 1294/1294/1294 1295/1295/1295 1296/1296/1296
usemtl texture_0
v 0.79687500 0.70000000 0.37500000
vt 0.79492188 0.00195312
vn 0.00000000 -0.00000000 -1.00000000
v 0.79687500 0.65937500 0.37500000
vt 0.79492188 0.00585938
vn 0.00000000 -0.00000000 -1.00000000
v 0.78437500 0.65937500 0.37500000
vt 0.79687500 0.00585938
vn 0.00000000 -0.00000000 -1.00000000
v 0.78437500 0.70000000 0.37500000
vt 0.79687500 0.00195312
vn 0.00000000 -0.00000000 -1.00000000
f 1297/1297/1297 1298/1298/1298 1299/1299/1299 1300/1300/1300
usemtl texture_0
v 0.78437500 0.70000000 0.39875000
vt 0.79492188 0.00195312
vn 0.00000000 0.00000000 1.00000000
v 0.78437500 0.65937500 0.39875000
vt 0.79492188 0.00585938
vn 0.00000000 0.00000000 1.00000000
v 0.79687500 0.65937500 0.39875000
vt 0.79687500 0.00585938
vn 0.00000000 0.00000000 1.00000000
v 0.79687500 0.70000000 0.39875000
vt 0.79687500 0.00195312
vn 0.00000000 0.00000000 1.00000000
f 1301/1301/1301 1302/1302/1302 1303/1303/1303 1304/1304/1304
usemtl texture_0
v 0.79687500 0.70000000 0.39875000
vt 0.79492188 0.00195312
vn 1.00000000 0.00000000 0.00000000
v 0.79687500 0.65937500 0.39875000
vt 0.79492188 0.00585938
vn 1.00000000 0.00000000 0.00000000
v 0.79687500 0.65937500 0.37500000
vt 0.79687500 0.00585938
vn 1.00000000 0.00000000 0.00000000
v 0.79687500 0.70000000 0.37500000
vt 0.79687500 0.00195312
vn 1.00000000 0.00000000 0.00000000
f 1305/1305/1305 1306/1306/1306 1307/1307/1307 1308/1308/1308
usemtl texture_0
v 0.78437500 0.70000000 0.37500000
vt 0.79492188 0.00195312
vn -1.00000000 0.00000000 0.00000000
v 0.78437500 0.65937500 0.37500000
vt 0.79492188 0.00585938
vn -1.00000000 0.00000000 0.00000000
v 0.78437500 0.65937500 0.39875000
vt 0.79687500 0.00585938
vn -1.00000000 0.00000000 0.00000000
v 0.78437500 0.70000000 0.39875000
vt 0.79687500 0.00195312
vn -1.00000000 0.00000000 0.00000000
f 1309/1309/1309 1310/1310/1310 1311/1311/1311 1312/1312/1312
usemtl texture_0
v 0.78437500 0.70000000 0.37500000
vt 0.80078125 0.00195312
vn 0.00000000 1.00000000 0.00000000
v 0.78437500 0.70000000 0.39875000
vt 0.80078125 0.00390625
vn 0.00000000 1.00000000 0.00000000
v 0.79687500 0.70000000 0.39875000
vt 0.80273438 0.00390625
vn 0.00000000 1.00000000 0.00000000
v 0.79687500 0.70000000 0.37500000
vt 0.80273438 0.00195312
vn 0.00000000 1.00000000 0.00000000
f 1313/1313/1313 1314/1314/1314 1315/1315/1315 1316/1316/1316
usemtl texture_0
v 0.78437500 0.65937500 0.39875000
vt 0.80078125 0.00195312
vn 0.00000000 -1.00000000 0.00000000
v 0.78437500 0.65937500 0.37500000
vt 0.80078125 0.00390625
vn 0.00000000 -1.00000000 0.00000000
v 0.79687500 0.65937500 0.37500000
vt 0.80273438 0.00390625
vn 0.00000000 -1.00000000 0.00000000
v 0.79687500 0.65937500 0.39875000
vt 0.80273438 0.00195312
vn 0.00000000 -1.00000000 0.00000000
f 1317/1317/1317 1318/1318/1318 1319/1319/1319 1320/1320/1320
usemtl texture_0
v 0.73437500 0.70125000 0.36875000
vt 0.80664062 0.00195312
vn 0.00000000 -0.00000000 -1.00000000
v 0.73437500 0.66375000 0.36875000
vt 0.80664062 0.00585938
vn 0.00000000 -0.00000000 -1.00000000
v 0.70312500 0.66375000 0.36875000
vt 0.81054688 0.00585938
vn 0.00000000 -0.00000000 -1.00000000
v 0.70312500 0.70125000 0.36875000
vt 0.81054688 0.00195312
vn 0.00000000 -0.00000000 -1.00000000
f 1321/1321/1321 1322/1322/1322 1323/1323/1323 1324/1324/1324
usemtl texture_0
v 0.70312500 0.70125000 0.40312500
vt 0.80664062 0.00195312
vn 0.00000000 0.00000000 1.00000000
v 0.70312500 0.66375000 0.40312500
vt 0.80664062 0.00585938
vn 0.00000000 0.00000000 1.00000000
v 0.73437500 0.66375000 0.40312500
vt 0.81054688 0.00585938
vn 0.00000000 0.00000000 1.00000000
v 0.73437500 0.70125000 0.40312500
vt 0.81054688 0.00195312
vn 0.00000000 0.00000000 1.00000000
f 1325/1325/1325 1326/1326/1326 1327/1327/1327 1328/1328/1328
usemtl texture_0
v 0.73437500 0.70125000 0.40312500
vt 0.80664062 0.00195312
vn 1.00000000 0.00000000 0.00000000
v 0.73437500 0.66375000 0.40312500
vt 0.80664062 0.00585938
vn 1.00000000 0.00000000 0.00000000
v 0.73437500 0.66375000 0.36875000
vt 0.81054688 0.00585938
vn 1.00000000 0.00000000 0.00000000
v 0.73437500 0.70125000 0.36875000
vt 0.81054688 0.00195312
vn 1.00000000 0.00000000 0.00000000
f 1329/1329/1329 1330/1330/1330 1331/1331/1331 1332/1332/1332
usemtl texture_0
v 0.70312500 0.70125000 0.36875000
vt 0.80664062 0.00195312
vn -1.00000000 0.00000000 0.00000000
v 0.70312500 0.66375000 0.36875000
vt 0.80664062 0.00585938
vn -1.00000000 0.00000000 0.00000000
v 0.70312500 0.66375000 0.40312500
vt 0.81054688 0.00585938
vn -1.00000000 0.00000000 0.00000000
v 0.70312500 0.70125000 0.40312500
vt 0.81054688 0.00195312
vn -1.00000000 0.00000000 0.00000000
f 1333/1333/1333 1334/1334/1334 1335/1335/1335 1336/1336/1336
usemtl texture_0
v 0.70312500 0.70125000 0.36875000
vt 0.81445312 0.00195312
vn 0.00000000 1.00000000 0.00000000
v 0.70312500 0.70125000 0.40312500
vt 0.81445312 0.00585938
vn 0.00000000 1.00000000 0.00000000
v 0.73437500 0.70125000 0.40312500
vt 0.81835938 0.00585938
vn 0.00000000 1.00000000 0.00000000
v 0.73437500 0.70125000 0.36875000
vt 0.81835938 0.00195312
vn 0.00000000 1.00000000 0.00000000
f 1337/1337/1337 1338/1338/1338 1339/1339/1339 1340/1340/1340
usemtl texture_0
v 0.70312500 0.66375000 0.40312500
vt 0.81445312 0.00195312
vn 0.00000000 -1.00000000 0.00000000
v 0.70312500 0.66375000 0.36875000
vt 0.81445312 0.00585938
vn 0.00000000 -1.00000000 0.00000000
v 0.73437500 0.66375000 0.36875000
vt 0.81835938 0.00585938
vn 0.00000000 -1.00000000 0.00000000
v 0.73437500 0.66375000 0.40312500
vt 0.81835938 0.00195312
vn 0.00000000 -1.00000000 0.00000000
f 1341/1341/1341 1342/1342/1342 1343/1343/1343 1344/1344/1344
usemtl texture_0
v 0.69948980 0.66606546 0.38125000
vt 0.78125000 0.00195312
vn 0.00000000 0.00000000 -1.00000000
v 0.67557209 0.60832299 0.38125000
vt 0.78125000 0.00781250
vn 0.00000000 0.00000000 -1.00000000
v 0.65016540 0.61884678 0.38125000
vt 0.78320312 0.00781250
vn 0.00000000 0.00000000 -1.00000000
v 0.67408312 0.67658925 0.38125000
vt 0.78320312 0.00195312
vn 0.00000000 0.00000000 -1.00000000
f 1345/1345/1345 1346/1346/1346 1347/1347/1347 1348/1348/1348
usemtl texture_0
v 0.67408312 0.67658925 0.39375000
vt 0.78125000 0.00195312
vn 0.00000000 0.00000000 1.00000000
v 0.65016540 0.61884678 0.39375000
vt 0.78125000 0.00781250
vn 0.00000000 0.00000000 1.00000000
v 0.67557209 0.60832299 0.39375000
vt 0.78320312 0.00781250
vn 0.00000000 0.00000000 1.00000000
v 0.69948980 0.66606546 0.39375000
vt 0.78320312 0.00195312
vn 0.00000000 0.00000000 1.00000000
f 1349/1349/1349 1350/1350/1350 1351/1351/1351 1352/1352/1352
usemtl texture_0
v 0.69948980 0.66606546 0.39375000
vt 0.78125000 0.00195312
vn 0.92387953 -0.38268343 0.00000000
v 0.67557209 0.60832299 0.39375000
vt 0.78125000 0.00781250
vn 0.92387953 -0.38268343 0.00000000
v 0.67557209 0.60832299 0.38125000
vt 0.78320312 0.00781250
vn 0.92387953 -0.38268343 0.00000000
v 0.69948980 0.66606546 0.38125000
vt 0.78320312 0.00195312
vn 0.92387953 -0.38268343 0.00000000
f 1353/1353/1353 1354/1354/1354 1355/1355/1355 1356/1356/1356
usemtl texture_0
v 0.67408312 0.67658925 0.38125000
vt 0.78125000 0.00195312
vn -0.92387953 0.38268343 0.00000000
v 0.65016540 0.61884678 0.38125000
vt 0.78125000 0.00781250
vn -0.92387953 0.38268343 0.00000000
v 0.65016540 0.61884678 0.39375000
vt 0.78320312 0.00781250
vn -0.92387953 0.38268343 0.00000000
v 0.67408312 0.67658925 0.39375000
vt 0.78320312 0.00195312
vn -0.92387953 0.38268343 0.00000000
f 1357/1357/1357 1358/1358/1358 1359/1359/1359 1360/1360/1360
usemtl texture_0
v 0.67408312 0.67658925 0.38125000
vt 0.80078125 0.00195312
vn 0.38268343 0.92387953 -0.00000000
v 0.67408312 0.67658925 0.39375000
vt 0.80078125 0.00390625
vn 0.38268343 0.92387953 -0.00000000
v 0.69948980 0.66606546 0.39375000
vt 0.80273438 0.00390625
vn 0.38268343 0.92387953 -0.00000000
v 0.69948980 0.66606546 0.38125000
vt 0.80273438 0.00195312
vn 0.38268343 0.92387953 -0.00000000
f 1361/1361/1361 1362/1362/1362 1363/1363/1363 1364/1364/1364
usemtl texture_0
v 0.65016540 0.61884678 0.39375000
vt 0.80078125 0.00195312
vn -0.38268343 -0.92387953 -0.00000000
v 0.65016540 0.61884678 0.38125000
vt 0.80078125 0.00390625
vn -0.38268343 -0.92387953 -0.00000000
v 0.67557209 0.60832299 0.38125000
vt 0.80273438 0.00390625
vn -0.38268343 -0.92387953 -0.00000000
v 0.67557209 0.60832299 0.39375000
vt 0.80273438 0.00195312
vn -0.38268343 -0.92387953 -0.00000000
f 1365/1365/1365 1366/1366/1366 1367/1367/1367 1368/1368/1368
usemtl texture_0
v 0.76341688 0.67658925 0.38125000
vt 0.78125000 0.00195312
vn 0.00000000 -0.00000000 -1.00000000
v 0.78733460 0.61884678 0.38125000
vt 0.78125000 0.00781250
vn 0.00000000 -0.00000000 -1.00000000
v 0.76192791 0.60832299 0.38125000
vt 0.78320312 0.00781250
vn 0.00000000 -0.00000000 -1.00000000
v 0.73801020 0.66606546 0.38125000
vt 0.78320312 0.00195312
vn 0.00000000 -0.00000000 -1.00000000
f 1369/1369/1369 1370/1370/1370 1371/1371/1371 1372/1372/1372
usemtl texture_0
v 0.73801020 0.66606546 0.39375000
vt 0.78125000 0.00195312
vn 0.00000000 0.00000000 1.00000000
v 0.76192791 0.60832299 0.39375000
vt 0.78125000 0.00781250
vn 0.00000000 0.00000000 1.00000000
v 0.78733460 0.61884678 0.39375000
vt 0.78320312 0.00781250
vn 0.00000000 0.00000000 1.00000000
v 0.76341688 0.67658925 0.39375000
vt 0.78320312 0.00195312
vn 0.00000000 0.00000000 1.00000000
f 1373/1373/1373 1374/1374/1374 1375/1375/1375 1376/1376/1376
usemtl texture_0
v 0.76341688 0.67658925 0.39375000
vt 0.78125000 0.00195312
vn 0.92387953 0.38268343 0.00000000
v 0.78733460 0.61884678 0.39375000
vt 0.78125000 0.00781250
vn 0.92387953 0.38268343 0.00000000
v 0.78733460 0.61884678 0.38125000
vt 0.78320312 0.00781250
vn 0.92387953 0.38268343 0.00000000
v 0.76341688 0.67658925 0.38125000
vt 0.78320312 0.00195312
vn 0.92387953 0.38268343 0.00000000
f 1377/1377/1377 1378/1378/1378 1379/1379/1379 1380/1380/1380
usemtl texture_0
v 0.73801020 0.66606546 0.38125000
vt 0.78125000 0.00195312
vn -0.92387953 -0.38268343 0.00000000
v 0.76192791 0.60832299 0.38125000
vt 0.78125000 0.00781250
vn -0.92387953 -0.38268343 0.00000000
v 0.76192791 0.60832299 0.39375000
vt 0.78320312 0.00781250
vn -0.92387953 -0.38268343 0.00000000
v 0.73801020 0.66606546 0.39375000
vt 0.78320312 0.00195312
vn -0.92387953 -0.38268343 0.00000000
f 1381/1381/1381 1382/1382/1382 1383/1383/1383 1384/1384/1384
usemtl texture_0
v 0.73801020 0.66606546 0.38125000
vt 0.80078125 0.00195312
vn -0.38268343 0.92387953 0.00000000
v 0.73801020 0.66606546 0.39375000
vt 0.80078125 0.00390625
vn -0.38268343 0.92387953 0.00000000
v 0.76341688 0.67658925 0.39375000
vt 0.80273438 0.00390625
vn -0.38268343 0.92387953 0.00000000
v 0.76341688 0.67658925 0.38125000
vt 0.80273438 0.00195312
vn -0.38268343 0.92387953 0.00000000
f 1385/1385/1385 1386/1386/1386 1387/1387/1387 1388/1388/1388
usemtl texture_0
v 0.76192791 0.60832299 0.39375000
vt 0.80078125 0.00195312
vn 0.38268343 -0.92387953 0.00000000
v 0.76192791 0.60832299 0.38125000
vt 0.80078125 0.00390625
vn 0.38268343 -0.92387953 0.00000000
v 0.78733460 0.61884678 0.38125000
vt 0.80273438 0.00390625
vn 0.38268343 -0.92387953 0.00000000
v 0.78733460 0.61884678 0.39375000
vt 0.80273438 0.00195312
vn 0.38268343 -0.92387953 0.00000000
f 1389/1389/1389 1390/1390/1390 1391/1391/1391 1392/1392/1392
usemtl texture_0
v 0.32000000 0.62500000 0.17625000
vt 0.82226562 0.00195312
vn 0.00000000 -0.00000000 -1.00000000
v 0.32000000 0.59375000 0.17625000
vt 0.82226562 0.00585938
vn 0.00000000 -0.00000000 -1.00000000
v 0.24250000 0.59375000 0.17625000
vt 0.83007812 0.00585938
vn 0.00000000 -0.00000000 -1.00000000
v 0.24250000 0.62500000 0.17625000
vt 0.83007812 0.00195312
vn 0.00000000 -0.00000000 -1.00000000
f 1393/1393/1393 1394/1394/1394 1395/1395/1395 1396/1396/1396
usemtl texture_0
v 0.24250000 0.62500000 0.19125000
vt 0.82226562 0.00195312
vn 0.00000000 0.00000000 1.00000000
v 0.24250000 0.59375000 0.19125000
vt 0.82226562 0.00585938
vn 0.00000000 0.00000000 1.00000000
v 0.32000000 0.59375000 0.19125000
vt 0.83007812 0.00585938
vn 0.00000000 0.00000000 1.00000000
v 0.32000000 0.62500000 0.19125000
vt 0.83007812 0.00195312
vn 0.00000000 0.00000000 1.00000000
f 1397/1397/1397 1398/1398/1398 1399/1399/1399 1400/1400/1400
usemtl texture_0
v 0.32000000 0.62500000 0.19125000
vt 0.83398438 0.00195312
vn 1.00000000 0.00000000 0.00000000
v 0.32000000 0.59375000 0.19125000
vt 0.83398438 0.00585938
vn 1.00000000 0.00000000 0.00000000
v 0.32000000 0.59375000 0.17625000
vt 0.83593750 0.00585938
vn 1.00000000 0.00000000 0.00000000
v 0.32000000 0.62500000 0.17625000
vt 0.83593750 0.00195312
vn 1.00000000 0.00000000 0.00000000
f 1401/1401/1401 1402/1402/1402 1403/1403/1403 1404/1404/1404
usemtl texture_0
v 0.24250000 0.62500000 0.17625000
vt 0.83398438 0.00195312
vn -1.00000000 0.00000000 0.00000000
v 0.24250000 0.59375000 0.17625000
vt 0.83398438 0.00585938
vn -1.00000000 0.00000000 0.00000000
v 0.24250000 0.59375000 0.19125000
vt 0.83593750 0.00585938
vn -1.00000000 0.00000000 0.00000000
v 0.24250000 0.62500000 0.19125000
vt 0.83593750 0.00195312
vn -1.00000000 0.00000000 0.00000000
f 1405/1405/1405 1406/1406/1406 1407/1407/1407 1408/1408/1408
usemtl texture_0
v 0.24250000 0.62500000 0.17625000
vt 0.83984375 0.00195312
vn 0.00000000 1.00000000 0.00000000
v 0.24250000 0.62500000 0.19125000
vt 0.83984375 0.00390625
vn 0.00000000 1.00000000 0.00000000
v 0.32000000 0.62500000 0.19125000
vt 0.84765625 0.00390625
vn 0.00000000 1.00000000 0.00000000
v 0.32000000 0.62500000 0.17625000
vt 0.84765625 0.00195312
vn 0.00000000 1.00000000 0.00000000
f 1409/1409/1409 1410/1410/1410 1411/1411/1411 1412/1412/1412
usemtl texture_0
v 0.24250000 0.59375000 0.19125000
vt 0.83984375 0.00195312
vn 0.00000000 -1.00000000 0.00000000
v 0.24250000 0.59375000 0.17625000
vt 0.83984375 0.00390625
vn 0.00000000 -1.00000000 0.00000000
v 0.32000000 0.59375000 0.17625000
vt 0.84765625 0.00390625
vn 0.00000000 -1.00000000 0.00000000
v 0.32000000 0.59375000 0.19125000
vt 0.84765625 0.00195312
vn 0.00000000 -1.00000000 0.00000000
f 1413/1413/1413 1414/1414/1414 1415/1415/1415 1416/1416/1416
usemtl texture_0
v 0.27375000 0.64375000 0.17625000
vt 0.85156250 0.00195312
vn 0.00000000 -0.00000000 -1.00000000
v 0.27375000 0.62500000 0.17625000
vt 0.85156250 0.00390625
vn 0.00000000 -0.00000000 -1.00000000
v 0.24250000 0.62500000 0.17625000
vt 0.85546875 0.00390625
vn 0.00000000 -0.00000000 -1.00000000
v 0.24250000 0.64375000 0.17625000
vt 0.85546875 0.00195312
vn 0.00000000 -0.00000000 -1.00000000
f 1417/1417/1417 1418/1418/1418 1419/1419/1419 1420/1420/1420
usemtl texture_0
v 0.24250000 0.64375000 0.19125000
vt 0.85156250 0.00195312
vn 0.00000000 0.00000000 1.00000000
v 0.24250000 0.62500000 0.19125000
vt 0.85156250 0.00390625
vn 0.00000000 0.00000000 1.00000000
v 0.27375000 0.62500000 0.19125000
vt 0.85546875 0.00390625
vn 0.00000000 0.00000000 1.00000000
v 0.27375000 0.64375000 0.19125000
vt 0.85546875 0.00195312
vn 0.00000000 0.00000000 1.00000000
f 1421/1421/1421 1422/1422/1422 1423/1423/1423 1424/1424/1424
usemtl texture_0
v 0.27375000 0.64375000 0.19125000
vt 0.85937500 0.00195312
vn 1.00000000 0.00000000 0.00000000
v 0.27375000 0.62500000 0.19125000
vt 0.85937500 0.00390625
vn 1.00000000 0.00000000 0.00000000
v 0.27375000 0.62500000 0.17625000
vt 0.86132812 0.00390625
vn 1.00000000 0.00000000 0.00000000
v 0.27375000 0.64375000 0.17625000
vt 0.86132812 0.00195312
vn 1.00000000 0.00000000 0.00000000
f 1425/1425/1425 1426/1426/1426 1427/1427/1427 1428/1428/1428
usemtl texture_0
v 0.24250000 0.64375000 0.17625000
vt 0.85937500 0.00195312
vn -1.00000000 0.00000000 0.00000000
v 0.24250000 0.62500000 0.17625000
vt 0.85937500 0.00390625
vn -1.00000000 0.00000000 0.00000000
v 0.24250000 0.62500000 0.19125000
vt 0.86132812 0.00390625
vn -1.00000000 0.00000000 0.00000000
v 0.24250000 0.64375000 0.19125000
vt 0.86132812 0.00195312
vn -1.00000000 0.00000000 0.00000000
f 1429/1429/1429 1430/1430/1430 1431/1431/1431 1432/1432/1432
usemtl texture_0
v 0.24250000 0.64375000 0.17625000
vt 0.86523438 0.00195312
vn 0.00000000 1.00000000 0.00000000
v 0.24250000 0.64375000 0.19125000
vt 0.86523438 0.00390625
vn 0.00000000 1.00000000 0.00000000
v 0.27375000 0.64375000 0.19125000
vt 0.86914062 0.00390625
vn 0.00000000 1.00000000 0.00000000
v 0.27375000 0.64375000 0.17625000
vt 0.86914062 0.00195312
vn 0.00000000 1.00000000 0.00000000
f 1433/1433/1433 1434/1434/1434 1435/1435/1435 1436/1436/1436
usemtl texture_0
v 0.24250000 0.62500000 0.19125000
vt 0.86523438 0.00195312
vn 0.00000000 -1.00000000 0.00000000
v 0.24250000 0.62500000 0.17625000
vt 0.86523438 0.00390625
vn 0.00000000 -1.00000000 0.00000000
v 0.27375000 0.62500000 0.17625000
vt 0.86914062 0.00390625
vn 0.00000000 -1.00000000 0.00000000
v 0.27375000 0.62500000 0.19125000
vt 0.86914062 0.00195312
vn 0.00000000 -1.00000000 0.00000000
f 1437/1437/1437 1438/1438/1438 1439/1439/1439 1440/1440/1440
usemtl texture_0
v 0.32000000 0.64375000 0.17625000
vt 0.85156250 0.00195312
vn 0.00000000 -0.00000000 -1.00000000
v 0.32000000 0.62500000 0.17625000
vt 0.85156250 0.00390625
vn 0.00000000 -0.00000000 -1.00000000
v 0.28875000 0.62500000 0.17625000
vt 0.85546875 0.00390625
vn 0.00000000 -0.00000000 -1.00000000
v 0.28875000 0.64375000 0.17625000
vt 0.85546875 0.00195312
vn 0.00000000 -0.00000000 -1.00000000
f 1441/1441/1441 1442/1442/1442 1443/1443/1443 1444/1444/1444
usemtl texture_0
v 0.28875000 0.64375000 0.19125000
vt 0.85156250 0.00195312
vn 0.00000000 0.00000000 1.00000000
v 0.28875000 0.62500000 0.19125000
vt 0.85156250 0.00390625
vn 0.00000000 0.00000000 1.00000000
v 0.32000000 0.62500000 0.19125000
vt 0.85546875 0.00390625
vn 0.00000000 0.00000000 1.00000000
v 0.32000000 0.64375000 0.19125000
vt 0.85546875 0.00195312
vn 0.00000000 0.00000000 1.00000000
f 1445/1445/1445 1446/1446/1446 1447/1447/1447 1448/1448/1448
usemtl texture_0
v 0.32000000 0.64375000 0.19125000
vt 0.85937500 0.00195312
vn 1.00000000 0.00000000 0.00000000
v 0.32000000 0.62500000 0.19125000
vt 0.85937500 0.00390625
vn 1.00000000 0.00000000 0.00000000
v 0.32000000 0.62500000 0.17625000
vt 0.86132812 0.00390625
vn 1.00000000 0.00000000 0.00000000
v 0.32000000 0.64375000 0.17625000
vt 0.86132812 0.00195312
vn 1.00000000 0.00000000 0.00000000
f 1449/1449/1449 1450/1450/1450 1451/1451/1451 1452/1452/1452
usemtl texture_0
v 0.28875000 0.64375000 0.17625000
vt 0.85937500 0.00195312
vn -1.00000000 0.00000000 0.00000000
v 0.28875000 0.62500000 0.17625000
vt 0.85937500 0.00390625
vn -1.00000000 0.00000000 0.00000000
v 0.28875000 0.62500000 0.19125000
vt 0.86132812 0.00390625
vn -1.00000000 0.00000000 0.00000000
v 0.28875000 0.64375000 0.19125000
vt 0.86132812 0.00195312
vn -1.00000000 0.00000000 0.00000000
f 1453/1453/1453 1454/1454/1454 1455/1455/1455 1456/1456/1456
usemtl texture_0
v 0.28875000 0.64375000 0.17625000
vt 0.86523438 0.00195312
vn 0.00000000 1.00000000 0.00000000
v 0.28875000 0.64375000 0.19125000
vt 0.86523438 0.00390625
vn 0.00000000 1.00000000 0.00000000
v 0.32000000 0.64375000 0.19125000
vt 0.86914062 0.00390625
vn 0.00000000 1.00000000 0.00000000
v 0.32000000 0.64375000 0.17625000
vt 0.86914062 0.00195312
vn 0.00000000 1.00000000 0.00000000
f 1457/1457/1457 1458/1458/1458 1459/1459/1459 1460/1460/1460
usemtl texture_0
v 0.28875000 0.62500000 0.19125000
vt 0.86523438 0.00195312
vn 0.00000000 -1.00000000 0.00000000
v 0.28875000 0.62500000 0.17625000
vt 0.86523438 0.00390625
vn 0.00000000 -1.00000000 0.00000000
v 0.32000000 0.62500000 0.17625000
vt 0.86914062 0.00390625
vn 0.00000000 -1.00000000 0.00000000
v 0.32000000 0.62500000 0.19125000
vt 0.86914062 0.00195312
vn 0.00000000 -1.00000000 0.00000000
f 1461/1461/1461 1462/1462/1462 1463/1463/1463 1464/1464/1464
usemtl texture_0
v 0.30000000 0.59375000 0.17625000
vt 0.85156250 0.00195312
vn 0.00000000 -0.00000000 -1.00000000
v 0.30000000 0.57500000 0.17625000
vt 0.85156250 0.00390625
vn 0.00000000 -0.00000000 -1.00000000
v 0.26250000 0.57500000 0.17625000
vt 0.85546875 0.00390625
vn 0.00000000 -0.00000000 -1.00000000
v 0.26250000 0.59375000 0.17625000
vt 0.85546875 0.00195312
vn 0.00000000 -0.00000000 -1.00000000
f 1465/1465/1465 1466/1466/1466 1467/1467/1467 1468/1468/1468
usemtl texture_0
v 0.26250000 0.59375000 0.19125000
vt 0.85156250 0.00195312
vn 0.00000000 0.00000000 1.00000000
v 0.26250000 0.57500000 0.19125000
vt 0.85156250 0.00390625
vn 0.00000000 0.00000000 1.00000000
v 0.30000000 0.57500000 0.19125000
vt 0.85546875 0.00390625
vn 0.00000000 0.00000000 1.00000000
v 0.30000000 0.59375000 0.19125000
vt 0.85546875 0.00195312
vn 0.00000000 0.00000000 1.00000000
f 1469/1469/1469 1470/1470/1470 1471/1471/1471 1472/1472/1472
usemtl texture_0
v 0.30000000 0.59375000 0.19125000
vt 0.85937500 0.00195312
vn 1.00000000 0.00000000 0.00000000
v 0.30000000 0.57500000 0.19125000
vt 0.85937500 0.00390625
vn 1.00000000 0.00000000 0.00000000
v 0.30000000 0.57500000 0.17625000
vt 0.86132812 0.00390625
vn 1.00000000 0.00000000 0.00000000
v 0.30000000 0.59375000 0.17625000
vt 0.86132812 0.00195312
vn 1.00000000 0.00000000 0.00000000
f 1473/1473/1473 1474/1474/1474 1475/1475/1475 1476/1476/1476
usemtl texture_0
v 0.26250000 0.59375000 0.17625000
vt 0.85937500 0.00195312
vn -1.00000000 0.00000000 0.00000000
v 0.26250000 0.57500000 0.17625000
vt 0.85937500 0.00390625
vn -1.00000000 0.00000000 0.00000000
v 0.26250000 0.57500000 0.19125000
vt 0.86132812 0.00390625
vn -1.00000000 0.00000000 0.00000000
v 0.26250000 0.59375000 0.19125000
vt 0.86132812 0.00195312
vn -1.00000000 0.00000000 0.00000000
f 1477/1477/1477 1478/1478/1478 1479/1479/1479 1480/1480/1480
usemtl texture_0
v 0.26250000 0.59375000 0.17625000
vt 0.86523438 0.00195312
vn 0.00000000 1.00000000 0.00000000
v 0.26250000 0.59375000 0.19125000
vt 0.86523438 0.00390625
vn 0.00000000 1.00000000 0.00000000
v 0.30000000 0.59375000 0.19125000
vt 0.86914062 0.00390625
vn 0.00000000 1.00000000 0.00000000
v 0.30000000 0.59375000 0.17625000
vt 0.86914062 0.00195312
vn 0.00000000 1.00000000 0.00000000
f 1481/1481/1481 1482/1482/1482 1483/1483/1483 1484/1484/1484
usemtl texture_0
v 0.26250000 0.57500000 0.19125000
vt 0.86523438 0.00195312
vn 0.00000000 -1.00000000 0.00000000
v 0.26250000 0.57500000 0.17625000
vt 0.86523438 0.00390625
vn 0.00000000 -1.00000000 0.00000000
v 0.30000000 0.57500000 0.17625000
vt 0.86914062 0.00390625
vn 0.00000000 -1.00000000 0.00000000
v 0.30000000 0.57500000 0.19125000
vt 0.86914062 0.00195312
vn 0.00000000 -1.00000000 0.00000000
f 1485/1485/1485 1486/1486/1486 1487/1487/1487 1488/1488/1488
