mtllib hat_parcel.mtl
usemtl texture_0
v 0.78593750 0.56250000 0.20625000
vt 0.00195312 0.00195312
vn 0.00000000 -0.00000000 -1.00000000
v 0.78593750 0.18750000 0.20625000
vt 0.00195312 0.03710938
vn 0.00000000 -0.00000000 -1.00000000
v 0.21406250 0.18750000 0.20625000
vt 0.05468750 0.03710938
vn 0.00000000 -0.00000000 -1.00000000
v 0.21406250 0.56250000 0.20625000
vt 0.05468750 0.00195312
vn 0.00000000 -0.00000000 -1.00000000
f 1/1/1 2/2/2 3/3/3 4/4/4
usemtl texture_0
v 0.21406250 0.56250000 0.23750000
vt 0.00195312 0.00195312
vn 0.00000000 0.00000000 1.00000000
v 0.21406250 0.18750000 0.23750000
vt 0.00195312 0.03710938
vn 0.00000000 0.00000000 1.00000000
v 0.78593750 0.18750000 0.23750000
vt 0.05468750 0.03710938
vn 0.00000000 0.00000000 1.00000000
v 0.78593750 0.56250000 0.23750000
vt 0.05468750 0.00195312
vn 0.00000000 0.00000000 1.00000000
f 5/5/5 6/6/6 7/7/7 8/8/8
usemtl texture_0
v 0.78593750 0.56250000 0.23750000
vt 0.05859375 0.00195312
vn 1.00000000 0.00000000 0.00000000
v 0.78593750 0.18750000 0.23750000
vt 0.05859375 0.03710938
vn 1.00000000 0.00000000 0.00000000
v 0.78593750 0.18750000 0.20625000
vt 0.06250000 0.03710938
vn 1.00000000 0.00000000 0.00000000
v 0.78593750 0.56250000 0.20625000
vt 0.06250000 0.00195312
vn 1.00000000 0.00000000 0.00000000
f 9/9/9 10/10/10 11/11/11 12/12/12
usemtl texture_0
v 0.21406250 0.56250000 0.20625000
vt 0.05859375 0.00195312
vn -1.00000000 0.00000000 0.00000000
v 0.21406250 0.18750000 0.20625000
vt 0.05859375 0.03710938
vn -1.00000000 0.00000000 0.00000000
v 0.21406250 0.18750000 0.23750000
vt 0.06250000 0.03710938
vn -1.00000000 0.00000000 0.00000000
v 0.21406250 0.56250000 0.23750000
vt 0.06250000 0.00195312
vn -1.00000000 0.00000000 0.00000000
f 13/13/13 14/14/14 15/15/15 16/16/16
usemtl texture_0
v 0.21406250 0.56250000 0.20625000
vt 0.06640625 0.00195312
vn 0.00000000 1.00000000 0.00000000
v 0.21406250 0.56250000 0.23750000
vt 0.06640625 0.00585938
vn 0.00000000 1.00000000 0.00000000
v 0.78593750 0.56250000 0.23750000
vt 0.11914062 0.00585938
vn 0.00000000 1.00000000 0.00000000
v 0.78593750 0.56250000 0.20625000
vt 0.11914062 0.00195312
vn 0.00000000 1.00000000 0.00000000
f 17/17/17 18/18/18 19/19/19 20/20/20
usemtl texture_0
v 0.21406250 0.18750000 0.23750000
vt 0.06640625 0.00195312
vn 0.00000000 -1.00000000 0.00000000
v 0.21406250 0.18750000 0.20625000
vt 0.06640625 0.00585938
vn 0.00000000 -1.00000000 0.00000000
v 0.78593750 0.18750000 0.20625000
vt 0.11914062 0.00585938
vn 0.00000000 -1.00000000 0.00000000
v 0.78593750 0.18750000 0.23750000
vt 0.11914062 0.00195312
vn 0.00000000 -1.00000000 0.00000000
f 21/21/21 22/22/22 23/23/23 24/24/24
usemtl texture_0
v 0.21406250 0.56250000 0.21015625
vt 0.12304688 0.00195312
vn 0.00000000 -0.00000000 -1.00000000
v 0.21406250 0.18750000 0.21015625
vt 0.12304688 0.03710938
vn 0.00000000 -0.00000000 -1.00000000
v 0.21015625 0.18750000 0.21015625
vt 0.12500000 0.03710938
vn 0.00000000 -0.00000000 -1.00000000
v 0.21015625 0.56250000 0.21015625
vt 0.12500000 0.00195312
vn 0.00000000 -0.00000000 -1.00000000
f 25/25/25 26/26/26 27/27/27 28/28/28
usemtl texture_0
v 0.21015625 0.56250000 0.23359375
vt 0.12304688 0.00195312
vn 0.00000000 0.00000000 1.00000000
v 0.21015625 0.18750000 0.23359375
vt 0.12304688 0.03710938
vn 0.00000000 0.00000000 1.00000000
v 0.21406250 0.18750000 0.23359375
vt 0.12500000 0.03710938
vn 0.00000000 0.00000000 1.00000000
v 0.21406250 0.56250000 0.23359375
vt 0.12500000 0.00195312
vn 0.00000000 0.00000000 1.00000000
f 29/29/29 30/30/30 31/31/31 32/32/32
usemtl texture_0
v 0.21406250 0.56250000 0.23359375
vt 0.12304688 0.00195312
vn 1.00000000 0.00000000 0.00000000
v 0.21406250 0.18750000 0.23359375
vt 0.12304688 0.03710938
vn 1.00000000 0.00000000 0.00000000
v 0.21406250 0.18750000 0.21015625
vt 0.12500000 0.03710938
vn 1.00000000 0.00000000 0.00000000
v 0.21406250 0.56250000 0.21015625
vt 0.12500000 0.00195312
vn 1.00000000 0.00000000 0.00000000
f 33/33/33 34/34/34 35/35/35 36/36/36
usemtl texture_0
v 0.21015625 0.56250000 0.21015625
vt 0.12304688 0.00195312
vn -1.00000000 0.00000000 0.00000000
v 0.21015625 0.18750000 0.21015625
vt 0.12304688 0.03710938
vn -1.00000000 0.00000000 0.00000000
v 0.21015625 0.18750000 0.23359375
vt 0.12500000 0.03710938
vn -1.00000000 0.00000000 0.00000000
v 0.21015625 0.56250000 0.23359375
vt 0.12500000 0.00195312
vn -1.00000000 0.00000000 0.00000000
f 37/37/37 38/38/38 39/39/39 40/40/40
usemtl texture_0
v 0.21015625 0.56250000 0.21015625
vt 0.12890625 0.00195312
vn 0.00000000 1.00000000 0.00000000
v 0.21015625 0.56250000 0.23359375
vt 0.12890625 0.00390625
vn 0.00000000 1.00000000 0.00000000
v 0.21406250 0.56250000 0.23359375
vt 0.13085938 0.00390625
vn 0.00000000 1.00000000 0.00000000
v 0.21406250 0.56250000 0.21015625
vt 0.13085938 0.00195312
vn 0.00000000 1.00000000 0.00000000
f 41/41/41 42/42/42 43/43/43 44/44/44
usemtl texture_0
v 0.21015625 0.18750000 0.23359375
vt 0.12890625 0.00195312
vn 0.00000000 -1.00000000 0.00000000
v 0.21015625 0.18750000 0.21015625
vt 0.12890625 0.00390625
vn 0.00000000 -1.00000000 0.00000000
v 0.21406250 0.18750000 0.21015625
vt 0.13085938 0.00390625
vn 0.00000000 -1.00000000 0.00000000
v 0.21406250 0.18750000 0.23359375
vt 0.13085938 0.00195312
vn 0.00000000 -1.00000000 0.00000000
f 45/45/45 46/46/46 47/47/47 48/48/48
usemtl texture_0
v 0.78984375 0.56250000 0.21015625
vt 0.12304688 0.00195312
vn 0.00000000 -0.00000000 -1.00000000
v 0.78984375 0.18750000 0.21015625
vt 0.12304688 0.03710938
vn 0.00000000 -0.00000000 -1.00000000
v 0.78593750 0.18750000 0.21015625
vt 0.12500000 0.03710938
vn 0.00000000 -0.00000000 -1.00000000
v 0.78593750 0.56250000 0.21015625
vt 0.12500000 0.00195312
vn 0.00000000 -0.00000000 -1.00000000
f 49/49/49 50/50/50 51/51/51 52/52/52
usemtl texture_0
v 0.78593750 0.56250000 0.23359375
vt 0.12304688 0.00195312
vn 0.00000000 0.00000000 1.00000000
v 0.78593750 0.18750000 0.23359375
vt 0.12304688 0.03710938
vn 0.00000000 0.00000000 1.00000000
v 0.78984375 0.18750000 0.23359375
vt 0.12500000 0.03710938
vn 0.00000000 0.00000000 1.00000000
v 0.78984375 0.56250000 0.23359375
vt 0.12500000 0.00195312
vn 0.00000000 0.00000000 1.00000000
f 53/53/53 54/54/54 55/55/55 56/56/56
usemtl texture_0
v 0.78984375 0.56250000 0.23359375
vt 0.12304688 0.00195312
vn 1.00000000 0.00000000 0.00000000
v 0.78984375 0.18750000 0.23359375
vt 0.12304688 0.03710938
vn 1.00000000 0.00000000 0.00000000
v 0.78984375 0.18750000 0.21015625
vt 0.12500000 0.03710938
vn 1.00000000 0.00000000 0.00000000
v 0.78984375 0.56250000 0.21015625
vt 0.12500000 0.00195312
vn 1.00000000 0.00000000 0.00000000
f 57/57/57 58/58/58 59/59/59 60/60/60
usemtl texture_0
v 0.78593750 0.56250000 0.21015625
vt 0.12304688 0.00195312
vn -1.00000000 0.00000000 0.00000000
v 0.78593750 0.18750000 0.21015625
vt 0.12304688 0.03710938
vn -1.00000000 0.00000000 0.00000000
v 0.78593750 0.18750000 0.23359375
vt 0.12500000 0.03710938
vn -1.00000000 0.00000000 0.00000000
v 0.78593750 0.56250000 0.23359375
vt 0.12500000 0.00195312
vn -1.00000000 0.00000000 0.00000000
f 61/61/61 62/62/62 63/63/63 64/64/64
usemtl texture_0
v 0.78593750 0.56250000 0.21015625
vt 0.12890625 0.00195312
vn 0.00000000 1.00000000 0.00000000
v 0.78593750 0.56250000 0.23359375
vt 0.12890625 0.00390625
vn 0.00000000 1.00000000 0.00000000
v 0.78984375 0.56250000 0.23359375
vt 0.13085938 0.00390625
vn 0.00000000 1.00000000 0.00000000
v 0.78984375 0.56250000 0.21015625
vt 0.13085938 0.00195312
vn 0.00000000 1.00000000 0.00000000
f 65/65/65 66/66/66 67/67/67 68/68/68
usemtl texture_0
v 0.78593750 0.18750000 0.23359375
vt 0.12890625 0.00195312
vn 0.00000000 -1.00000000 0.00000000
v 0.78593750 0.18750000 0.21015625
vt 0.12890625 0.00390625
vn 0.00000000 -1.00000000 0.00000000
v 0.78984375 0.18750000 0.21015625
vt 0.13085938 0.00390625
vn 0.00000000 -1.00000000 0.00000000
v 0.78984375 0.18750000 0.23359375
vt 0.13085938 0.00195312
vn 0.00000000 -1.00000000 0.00000000
f 69/69/69 70/70/70 71/71/71 72/72/72
usemtl texture_0
v 0.21015625 0.56250000 0.21406250
vt 0.12304688 0.00195312
vn 0.00000000 -0.00000000 -1.00000000
v 0.21015625 0.18750000 0.21406250
vt 0.12304688 0.03710938
vn 0.00000000 -0.00000000 -1.00000000
v 0.20625000 0.18750000 0.21406250
vt 0.12500000 0.03710938
vn 0.00000000 -0.00000000 -1.00000000
v 0.20625000 0.56250000 0.21406250
vt 0.12500000 0.00195312
vn 0.00000000 -0.00000000 -1.00000000
f 73/73/73 74/74/74 75/75/75 76/76/76
usemtl texture_0
v 0.20625000 0.56250000 0.22968750
vt 0.12304688 0.00195312
vn 0.00000000 0.00000000 1.00000000
v 0.20625000 0.18750000 0.22968750
vt 0.12304688 0.03710938
vn 0.00000000 0.00000000 1.00000000
v 0.21015625 0.18750000 0.22968750
vt 0.12500000 0.03710938
vn 0.00000000 0.00000000 1.00000000
v 0.21015625 0.56250000 0.22968750
vt 0.12500000 0.00195312
vn 0.00000000 0.00000000 1.00000000
f 77/77/77 78/78/78 79/79/79 80/80/80
usemtl texture_0
v 0.21015625 0.56250000 0.22968750
vt 0.12304688 0.00195312
vn 1.00000000 0.00000000 0.00000000
v 0.21015625 0.18750000 0.22968750
vt 0.12304688 0.03710938
vn 1.00000000 0.00000000 0.00000000
v 0.21015625 0.18750000 0.21406250
vt 0.12500000 0.03710938
vn 1.00000000 0.00000000 0.00000000
v 0.21015625 0.56250000 0.21406250
vt 0.12500000 0.00195312
vn 1.00000000 0.00000000 0.00000000
f 81/81/81 82/82/82 83/83/83 84/84/84
usemtl texture_0
v 0.20625000 0.56250000 0.21406250
vt 0.12304688 0.00195312
vn -1.00000000 0.00000000 0.00000000
v 0.20625000 0.18750000 0.21406250
vt 0.12304688 0.03710938
vn -1.00000000 0.00000000 0.00000000
v 0.20625000 0.18750000 0.22968750
vt 0.12500000 0.03710938
vn -1.00000000 0.00000000 0.00000000
v 0.20625000 0.56250000 0.22968750
vt 0.12500000 0.00195312
vn -1.00000000 0.00000000 0.00000000
f 85/85/85 86/86/86 87/87/87 88/88/88
usemtl texture_0
v 0.20625000 0.56250000 0.21406250
vt 0.12890625 0.00195312
vn 0.00000000 1.00000000 0.00000000
v 0.20625000 0.56250000 0.22968750
vt 0.12890625 0.00390625
vn 0.00000000 1.00000000 0.00000000
v 0.21015625 0.56250000 0.22968750
vt 0.13085938 0.00390625
vn 0.00000000 1.00000000 0.00000000
v 0.21015625 0.56250000 0.21406250
vt 0.13085938 0.00195312
vn 0.00000000 1.00000000 0.00000000
f 89/89/89 90/90/90 91/91/91 92/92/92
usemtl texture_0
v 0.20625000 0.18750000 0.22968750
vt 0.12890625 0.00195312
vn 0.00000000 -1.00000000 0.00000000
v 0.20625000 0.18750000 0.21406250
vt 0.12890625 0.00390625
vn 0.00000000 -1.00000000 0.00000000
v 0.21015625 0.18750000 0.21406250
vt 0.13085938 0.00390625
vn 0.00000000 -1.00000000 0.00000000
v 0.21015625 0.18750000 0.22968750
vt 0.13085938 0.00195312
vn 0.00000000 -1.00000000 0.00000000
f 93/93/93 94/94/94 95/95/95 96/96/96
usemtl texture_0
v 0.79375000 0.56250000 0.21406250
vt 0.12304688 0.00195312
vn 0.00000000 -0.00000000 -1.00000000
v 0.79375000 0.18750000 0.21406250
vt 0.12304688 0.03710938
vn 0.00000000 -0.00000000 -1.00000000
v 0.78984375 0.18750000 0.21406250
vt 0.12500000 0.03710938
vn 0.00000000 -0.00000000 -1.00000000
v 0.78984375 0.56250000 0.21406250
vt 0.12500000 0.00195312
vn 0.00000000 -0.00000000 -1.00000000
f 97/97/97 98/98/98 99/99/99 100/100/100
usemtl texture_0
v 0.78984375 0.56250000 0.22968750
vt 0.12304688 0.00195312
vn 0.00000000 0.00000000 1.00000000
v 0.78984375 0.18750000 0.22968750
vt 0.12304688 0.03710938
vn 0.00000000 0.00000000 1.00000000
v 0.79375000 0.18750000 0.22968750
vt 0.12500000 0.03710938
vn 0.00000000 0.00000000 1.00000000
v 0.79375000 0.56250000 0.22968750
vt 0.12500000 0.00195312
vn 0.00000000 0.00000000 1.00000000
f 101/101/101 102/102/102 103/103/103 104/104/104
usemtl texture_0
v 0.79375000 0.56250000 0.22968750
vt 0.12304688 0.00195312
vn 1.00000000 0.00000000 0.00000000
v 0.79375000 0.18750000 0.22968750
vt 0.12304688 0.03710938
vn 1.00000000 0.00000000 0.00000000
v 0.79375000 0.18750000 0.21406250
vt 0.12500000 0.03710938
vn 1.00000000 0.00000000 0.00000000
v 0.79375000 0.56250000 0.21406250
vt 0.12500000 0.00195312
vn 1.00000000 0.00000000 0.00000000
f 105/105/105 106/106/106 107/107/107 108/108/108
usemtl texture_0
v 0.78984375 0.56250000 0.21406250
vt 0.12304688 0.00195312
vn -1.00000000 0.00000000 0.00000000
v 0.78984375 0.18750000 0.21406250
vt 0.12304688 0.03710938
vn -1.00000000 0.00000000 0.00000000
v 0.78984375 0.18750000 0.22968750
vt 0.12500000 0.03710938
vn -1.00000000 0.00000000 0.00000000
v 0.78984375 0.56250000 0.22968750
vt 0.12500000 0.00195312
vn -1.00000000 0.00000000 0.00000000
f 109/109/109 110/110/110 111/111/111 112/112/112
usemtl texture_0
v 0.78984375 0.56250000 0.21406250
vt 0.12890625 0.00195312
vn 0.00000000 1.00000000 0.00000000
v 0.78984375 0.56250000 0.22968750
vt 0.12890625 0.00390625
vn 0.00000000 1.00000000 0.00000000
v 0.79375000 0.56250000 0.22968750
vt 0.13085938 0.00390625
vn 0.00000000 1.00000000 0.00000000
v 0.79375000 0.56250000 0.21406250
vt 0.13085938 0.00195312
vn 0.00000000 1.00000000 0.00000000
f 113/113/113 114/114/114 115/115/115 116/116/116
usemtl texture_0
v 0.78984375 0.18750000 0.22968750
vt 0.12890625 0.00195312
vn 0.00000000 -1.00000000 0.00000000
v 0.78984375 0.18750000 0.21406250
vt 0.12890625 0.00390625
vn 0.00000000 -1.00000000 0.00000000
v 0.79375000 0.18750000 0.21406250
vt 0.13085938 0.00390625
vn 0.00000000 -1.00000000 0.00000000
v 0.79375000 0.18750000 0.22968750
vt 0.13085938 0.00195312
vn 0.00000000 -1.00000000 0.00000000
f 117/117/117 118/118/118 119/119/119 120/120/120
usemtl texture_0
v 0.78593750 0.56250000 0.76250000
vt 0.00195312 0.00195312
vn 0.00000000 -0.00000000 -1.00000000
v 0.78593750 0.18750000 0.76250000
vt 0.00195312 0.03710938
vn 0.00000000 -0.00000000 -1.00000000
v 0.21406250 0.18750000 0.76250000
vt 0.05468750 0.03710938
vn 0.00000000 -0.00000000 -1.00000000
v 0.21406250 0.56250000 0.76250000
vt 0.05468750 0.00195312
vn 0.00000000 -0.00000000 -1.00000000
f 121/121/121 122/122/122 123/123/123 124/124/124
usemtl texture_0
v 0.21406250 0.56250000 0.79375000
vt 0.00195312 0.00195312
vn 0.00000000 0.00000000 1.00000000
v 0.21406250 0.18750000 0.79375000
vt 0.00195312 0.03710938
vn 0.00000000 0.00000000 1.00000000
v 0.78593750 0.18750000 0.79375000
vt 0.05468750 0.03710938
vn 0.00000000 0.00000000 1.00000000
v 0.78593750 0.56250000 0.79375000
vt 0.05468750 0.00195312
vn 0.00000000 0.00000000 1.00000000
f 125/125/125 126/126/126 127/127/127 128/128/128
usemtl texture_0
v 0.78593750 0.56250000 0.79375000
vt 0.05859375 0.00195312
vn 1.00000000 0.00000000 0.00000000
v 0.78593750 0.18750000 0.79375000
vt 0.05859375 0.03710938
vn 1.00000000 0.00000000 0.00000000
v 0.78593750 0.18750000 0.76250000
vt 0.06250000 0.03710938
vn 1.00000000 0.00000000 0.00000000
v 0.78593750 0.56250000 0.76250000
vt 0.06250000 0.00195312
vn 1.00000000 0.00000000 0.00000000
f 129/129/129 130/130/130 131/131/131 132/132/132
usemtl texture_0
v 0.21406250 0.56250000 0.76250000
vt 0.05859375 0.00195312
vn -1.00000000 0.00000000 0.00000000
v 0.21406250 0.18750000 0.76250000
vt 0.05859375 0.03710938
vn -1.00000000 0.00000000 0.00000000
v 0.21406250 0.18750000 0.79375000
vt 0.06250000 0.03710938
vn -1.00000000 0.00000000 0.00000000
v 0.21406250 0.56250000 0.79375000
vt 0.06250000 0.00195312
vn -1.00000000 0.00000000 0.00000000
f 133/133/133 134/134/134 135/135/135 136/136/136
usemtl texture_0
v 0.21406250 0.56250000 0.76250000
vt 0.06640625 0.00195312
vn 0.00000000 1.00000000 0.00000000
v 0.21406250 0.56250000 0.79375000
vt 0.06640625 0.00585938
vn 0.00000000 1.00000000 0.00000000
v 0.78593750 0.56250000 0.79375000
vt 0.11914062 0.00585938
vn 0.00000000 1.00000000 0.00000000
v 0.78593750 0.56250000 0.76250000
vt 0.11914062 0.00195312
vn 0.00000000 1.00000000 0.00000000
f 137/137/137 138/138/138 139/139/139 140/140/140
usemtl texture_0
v 0.21406250 0.18750000 0.79375000
vt 0.06640625 0.00195312
vn 0.00000000 -1.00000000 0.00000000
v 0.21406250 0.18750000 0.76250000
vt 0.06640625 0.00585938
vn 0.00000000 -1.00000000 0.00000000
v 0.78593750 0.18750000 0.76250000
vt 0.11914062 0.00585938
vn 0.00000000 -1.00000000 0.00000000
v 0.78593750 0.18750000 0.79375000
vt 0.11914062 0.00195312
vn 0.00000000 -1.00000000 0.00000000
f 141/141/141 142/142/142 143/143/143 144/144/144
usemtl texture_0
v 0.21406250 0.56250000 0.76640625
vt 0.12304688 0.00195312
vn 0.00000000 -0.00000000 -1.00000000
v 0.21406250 0.18750000 0.76640625
vt 0.12304688 0.03710938
vn 0.00000000 -0.00000000 -1.00000000
v 0.21015625 0.18750000 0.76640625
vt 0.12500000 0.03710938
vn 0.00000000 -0.00000000 -1.00000000
v 0.21015625 0.56250000 0.76640625
vt 0.12500000 0.00195312
vn 0.00000000 -0.00000000 -1.00000000
f 145/145/145 146/146/146 147/147/147 148/148/148
usemtl texture_0
v 0.21015625 0.56250000 0.78984375
vt 0.12304688 0.00195312
vn 0.00000000 0.00000000 1.00000000
v 0.21015625 0.18750000 0.78984375
vt 0.12304688 0.03710938
vn 0.00000000 0.00000000 1.00000000
v 0.21406250 0.18750000 0.78984375
vt 0.12500000 0.03710938
vn 0.00000000 0.00000000 1.00000000
v 0.21406250 0.56250000 0.78984375
vt 0.12500000 0.00195312
vn 0.00000000 0.00000000 1.00000000
f 149/149/149 150/150/150 151/151/151 152/152/152
usemtl texture_0
v 0.21406250 0.56250000 0.78984375
vt 0.12304688 0.00195312
vn 1.00000000 0.00000000 0.00000000
v 0.21406250 0.18750000 0.78984375
vt 0.12304688 0.03710938
vn 1.00000000 0.00000000 0.00000000
v 0.21406250 0.18750000 0.76640625
vt 0.12500000 0.03710938
vn 1.00000000 0.00000000 0.00000000
v 0.21406250 0.56250000 0.76640625
vt 0.12500000 0.00195312
vn 1.00000000 0.00000000 0.00000000
f 153/153/153 154/154/154 155/155/155 156/156/156
usemtl texture_0
v 0.21015625 0.56250000 0.76640625
vt 0.12304688 0.00195312
vn -1.00000000 0.00000000 0.00000000
v 0.21015625 0.18750000 0.76640625
vt 0.12304688 0.03710938
vn -1.00000000 0.00000000 0.00000000
v 0.21015625 0.18750000 0.78984375
vt 0.12500000 0.03710938
vn -1.00000000 0.00000000 0.00000000
v 0.21015625 0.56250000 0.78984375
vt 0.12500000 0.00195312
vn -1.00000000 0.00000000 0.00000000
f 157/157/157 158/158/158 159/159/159 160/160/160
usemtl texture_0
v 0.21015625 0.56250000 0.76640625
vt 0.12890625 0.00195312
vn 0.00000000 1.00000000 0.00000000
v 0.21015625 0.56250000 0.78984375
vt 0.12890625 0.00390625
vn 0.00000000 1.00000000 0.00000000
v 0.21406250 0.56250000 0.78984375
vt 0.13085938 0.00390625
vn 0.00000000 1.00000000 0.00000000
v 0.21406250 0.56250000 0.76640625
vt 0.13085938 0.00195312
vn 0.00000000 1.00000000 0.00000000
f 161/161/161 162/162/162 163/163/163 164/164/164
usemtl texture_0
v 0.21015625 0.18750000 0.78984375
vt 0.12890625 0.00195312
vn 0.00000000 -1.00000000 0.00000000
v 0.21015625 0.18750000 0.76640625
vt 0.12890625 0.00390625
vn 0.00000000 -1.00000000 0.00000000
v 0.21406250 0.18750000 0.76640625
vt 0.13085938 0.00390625
vn 0.00000000 -1.00000000 0.00000000
v 0.21406250 0.18750000 0.78984375
vt 0.13085938 0.00195312
vn 0.00000000 -1.00000000 0.00000000
f 165/165/165 166/166/166 167/167/167 168/168/168
usemtl texture_0
v 0.78984375 0.56250000 0.76640625
vt 0.12304688 0.00195312
vn 0.00000000 -0.00000000 -1.00000000
v 0.78984375 0.18750000 0.76640625
vt 0.12304688 0.03710938
vn 0.00000000 -0.00000000 -1.00000000
v 0.78593750 0.18750000 0.76640625
vt 0.12500000 0.03710938
vn 0.00000000 -0.00000000 -1.00000000
v 0.78593750 0.56250000 0.76640625
vt 0.12500000 0.00195312
vn 0.00000000 -0.00000000 -1.00000000
f 169/169/169 170/170/170 171/171/171 172/172/172
usemtl texture_0
v 0.78593750 0.56250000 0.78984375
vt 0.12304688 0.00195312
vn 0.00000000 0.00000000 1.00000000
v 0.78593750 0.18750000 0.78984375
vt 0.12304688 0.03710938
vn 0.00000000 0.00000000 1.00000000
v 0.78984375 0.18750000 0.78984375
vt 0.12500000 0.03710938
vn 0.00000000 0.00000000 1.00000000
v 0.78984375 0.56250000 0.78984375
vt 0.12500000 0.00195312
vn 0.00000000 0.00000000 1.00000000
f 173/173/173 174/174/174 175/175/175 176/176/176
usemtl texture_0
v 0.78984375 0.56250000 0.78984375
vt 0.12304688 0.00195312
vn 1.00000000 0.00000000 0.00000000
v 0.78984375 0.18750000 0.78984375
vt 0.12304688 0.03710938
vn 1.00000000 0.00000000 0.00000000
v 0.78984375 0.18750000 0.76640625
vt 0.12500000 0.03710938
vn 1.00000000 0.00000000 0.00000000
v 0.78984375 0.56250000 0.76640625
vt 0.12500000 0.00195312
vn 1.00000000 0.00000000 0.00000000
f 177/177/177 178/178/178 179/179/179 180/180/180
usemtl texture_0
v 0.78593750 0.56250000 0.76640625
vt 0.12304688 0.00195312
vn -1.00000000 0.00000000 0.00000000
v 0.78593750 0.18750000 0.76640625
vt 0.12304688 0.03710938
vn -1.00000000 0.00000000 0.00000000
v 0.78593750 0.18750000 0.78984375
vt 0.12500000 0.03710938
vn -1.00000000 0.00000000 0.00000000
v 0.78593750 0.56250000 0.78984375
vt 0.12500000 0.00195312
vn -1.00000000 0.00000000 0.00000000
f 181/181/181 182/182/182 183/183/183 184/184/184
usemtl texture_0
v 0.78593750 0.56250000 0.76640625
vt 0.12890625 0.00195312
vn 0.00000000 1.00000000 0.00000000
v 0.78593750 0.56250000 0.78984375
vt 0.12890625 0.00390625
vn 0.00000000 1.00000000 0.00000000
v 0.78984375 0.56250000 0.78984375
vt 0.13085938 0.00390625
vn 0.00000000 1.00000000 0.00000000
v 0.78984375 0.56250000 0.76640625
vt 0.13085938 0.00195312
vn 0.00000000 1.00000000 0.00000000
f 185/185/185 186/186/186 187/187/187 188/188/188
usemtl texture_0
v 0.78593750 0.18750000 0.78984375
vt 0.12890625 0.00195312
vn 0.00000000 -1.00000000 0.00000000
v 0.78593750 0.18750000 0.76640625
vt 0.12890625 0.00390625
vn 0.00000000 -1.00000000 0.00000000
v 0.78984375 0.18750000 0.76640625
vt 0.13085938 0.00390625
vn 0.00000000 -1.00000000 0.00000000
v 0.78984375 0.18750000 0.78984375
vt 0.13085938 0.00195312
vn 0.00000000 -1.00000000 0.00000000
f 189/189/189 190/190/190 191/191/191 192/192/192
usemtl texture_0
v 0.21015625 0.56250000 0.77031250
vt 0.12304688 0.00195312
vn 0.00000000 -0.00000000 -1.00000000
v 0.21015625 0.18750000 0.77031250
vt 0.12304688 0.03710938
vn 0.00000000 -0.00000000 -1.00000000
v 0.20625000 0.18750000 0.77031250
vt 0.12500000 0.03710938
vn 0.00000000 -0.00000000 -1.00000000
v 0.20625000 0.56250000 0.77031250
vt 0.12500000 0.00195312
vn 0.00000000 -0.00000000 -1.00000000
f 193/193/193 194/194/194 195/195/195 196/196/196
usemtl texture_0
v 0.20625000 0.56250000 0.78593750
vt 0.12304688 0.00195312
vn 0.00000000 0.00000000 1.00000000
v 0.20625000 0.18750000 0.78593750
vt 0.12304688 0.03710938
vn 0.00000000 0.00000000 1.00000000
v 0.21015625 0.18750000 0.78593750
vt 0.12500000 0.03710938
vn 0.00000000 0.00000000 1.00000000
v 0.21015625 0.56250000 0.78593750
vt 0.12500000 0.00195312
vn 0.00000000 0.00000000 1.00000000
f 197/197/197 198/198/198 199/199/199 200/200/200
usemtl texture_0
v 0.21015625 0.56250000 0.78593750
vt 0.12304688 0.00195312
vn 1.00000000 0.00000000 0.00000000
v 0.21015625 0.18750000 0.78593750
vt 0.12304688 0.03710938
vn 1.00000000 0.00000000 0.00000000
v 0.21015625 0.18750000 0.77031250
vt 0.12500000 0.03710938
vn 1.00000000 0.00000000 0.00000000
v 0.21015625 0.56250000 0.77031250
vt 0.12500000 0.00195312
vn 1.00000000 0.00000000 0.00000000
f 201/201/201 202/202/202 203/203/203 204/204/204
usemtl texture_0
v 0.20625000 0.56250000 0.77031250
vt 0.12304688 0.00195312
vn -1.00000000 0.00000000 0.00000000
v 0.20625000 0.18750000 0.77031250
vt 0.12304688 0.03710938
vn -1.00000000 0.00000000 0.00000000
v 0.20625000 0.18750000 0.78593750
vt 0.12500000 0.03710938
vn -1.00000000 0.00000000 0.00000000
v 0.20625000 0.56250000 0.78593750
vt 0.12500000 0.00195312
vn -1.00000000 0.00000000 0.00000000
f 205/205/205 206/206/206 207/207/207 208/208/208
usemtl texture_0
v 0.20625000 0.56250000 0.77031250
vt 0.12890625 0.00195312
vn 0.00000000 1.00000000 0.00000000
v 0.20625000 0.56250000 0.78593750
vt 0.12890625 0.00390625
vn 0.00000000 1.00000000 0.00000000
v 0.21015625 0.56250000 0.78593750
vt 0.13085938 0.00390625
vn 0.00000000 1.00000000 0.00000000
v 0.21015625 0.56250000 0.77031250
vt 0.13085938 0.00195312
vn 0.00000000 1.00000000 0.00000000
f 209/209/209 210/210/210 211/211/211 212/212/212
usemtl texture_0
v 0.20625000 0.18750000 0.78593750
vt 0.12890625 0.00195312
vn 0.00000000 -1.00000000 0.00000000
v 0.20625000 0.18750000 0.77031250
vt 0.12890625 0.00390625
vn 0.00000000 -1.00000000 0.00000000
v 0.21015625 0.18750000 0.77031250
vt 0.13085938 0.00390625
vn 0.00000000 -1.00000000 0.00000000
v 0.21015625 0.18750000 0.78593750
vt 0.13085938 0.00195312
vn 0.00000000 -1.00000000 0.00000000
f 213/213/213 214/214/214 215/215/215 216/216/216
usemtl texture_0
v 0.79375000 0.56250000 0.77031250
vt 0.12304688 0.00195312
vn 0.00000000 -0.00000000 -1.00000000
v 0.79375000 0.18750000 0.77031250
vt 0.12304688 0.03710938
vn 0.00000000 -0.00000000 -1.00000000
v 0.78984375 0.18750000 0.77031250
vt 0.12500000 0.03710938
vn 0.00000000 -0.00000000 -1.00000000
v 0.78984375 0.56250000 0.77031250
vt 0.12500000 0.00195312
vn 0.00000000 -0.00000000 -1.00000000
f 217/217/217 218/218/218 219/219/219 220/220/220
usemtl texture_0
v 0.78984375 0.56250000 0.78593750
vt 0.12304688 0.00195312
vn 0.00000000 0.00000000 1.00000000
v 0.78984375 0.18750000 0.78593750
vt 0.12304688 0.03710938
vn 0.00000000 0.00000000 1.00000000
v 0.79375000 0.18750000 0.78593750
vt 0.12500000 0.03710938
vn 0.00000000 0.00000000 1.00000000
v 0.79375000 0.56250000 0.78593750
vt 0.12500000 0.00195312
vn 0.00000000 0.00000000 1.00000000
f 221/221/221 222/222/222 223/223/223 224/224/224
usemtl texture_0
v 0.79375000 0.56250000 0.78593750
vt 0.12304688 0.00195312
vn 1.00000000 0.00000000 0.00000000
v 0.79375000 0.18750000 0.78593750
vt 0.12304688 0.03710938
vn 1.00000000 0.00000000 0.00000000
v 0.79375000 0.18750000 0.77031250
vt 0.12500000 0.03710938
vn 1.00000000 0.00000000 0.00000000
v 0.79375000 0.56250000 0.77031250
vt 0.12500000 0.00195312
vn 1.00000000 0.00000000 0.00000000
f 225/225/225 226/226/226 227/227/227 228/228/228
usemtl texture_0
v 0.78984375 0.56250000 0.77031250
vt 0.12304688 0.00195312
vn -1.00000000 0.00000000 0.00000000
v 0.78984375 0.18750000 0.77031250
vt 0.12304688 0.03710938
vn -1.00000000 0.00000000 0.00000000
v 0.78984375 0.18750000 0.78593750
vt 0.12500000 0.03710938
vn -1.00000000 0.00000000 0.00000000
v 0.78984375 0.56250000 0.78593750
vt 0.12500000 0.00195312
vn -1.00000000 0.00000000 0.00000000
f 229/229/229 230/230/230 231/231/231 232/232/232
usemtl texture_0
v 0.78984375 0.56250000 0.77031250
vt 0.12890625 0.00195312
vn 0.00000000 1.00000000 0.00000000
v 0.78984375 0.56250000 0.78593750
vt 0.12890625 0.00390625
vn 0.00000000 1.00000000 0.00000000
v 0.79375000 0.56250000 0.78593750
vt 0.13085938 0.00390625
vn 0.00000000 1.00000000 0.00000000
v 0.79375000 0.56250000 0.77031250
vt 0.13085938 0.00195312
vn 0.00000000 1.00000000 0.00000000
f 233/233/233 234/234/234 235/235/235 236/236/236
usemtl texture_0
v 0.78984375 0.18750000 0.78593750
vt 0.12890625 0.00195312
vn 0.00000000 -1.00000000 0.00000000
v 0.78984375 0.18750000 0.77031250
vt 0.12890625 0.00390625
vn 0.00000000 -1.00000000 0.00000000
v 0.79375000 0.18750000 0.77031250
vt 0.13085938 0.00390625
vn 0.00000000 -1.00000000 0.00000000
v 0.79375000 0.18750000 0.78593750
vt 0.13085938 0.00195312
vn 0.00000000 -1.00000000 0.00000000
f 237/237/237 238/238/238 239/239/239 240/240/240
usemtl texture_0
v 0.23750000 0.56250000 0.23750000
vt 0.05859375 0.00195312
vn 0.00000000 -0.00000000 -1.00000000
v 0.23750000 0.18750000 0.23750000
vt 0.05859375 0.03710938
vn 0.00000000 -0.00000000 -1.00000000
v 0.20625000 0.18750000 0.23750000
vt 0.06250000 0.03710938
vn 0.00000000 -0.00000000 -1.00000000
v 0.20625000 0.56250000 0.23750000
vt 0.06250000 0.00195312
vn 0.00000000 -0.00000000 -1.00000000
f 241/241/241 242/242/242 243/243/243 244/244/244
usemtl texture_0
v 0.20625000 0.56250000 0.76250000
vt 0.05859375 0.00195312
vn 0.00000000 0.00000000 1.00000000
v 0.20625000 0.18750000 0.76250000
vt 0.05859375 0.03710938
vn 0.00000000 0.00000000 1.00000000
v 0.23750000 0.18750000 0.76250000
vt 0.06250000 0.03710938
vn 0.00000000 0.00000000 1.00000000
v 0.23750000 0.56250000 0.76250000
vt 0.06250000 0.00195312
vn 0.00000000 0.00000000 1.00000000
f 245/245/245 246/246/246 247/247/247 248/248/248
usemtl texture_0
v 0.23750000 0.56250000 0.76250000
vt 0.13476562 0.00195312
vn 1.00000000 0.00000000 0.00000000
v 0.23750000 0.18750000 0.76250000
vt 0.13476562 0.03710938
vn 1.00000000 0.00000000 0.00000000
v 0.23750000 0.18750000 0.23750000
vt 0.18359375 0.03710938
vn 1.00000000 0.00000000 0.00000000
v 0.23750000 0.56250000 0.23750000
vt 0.18359375 0.00195312
vn 1.00000000 0.00000000 0.00000000
f 249/249/249 250/250/250 251/251/251 252/252/252
usemtl texture_0
v 0.20625000 0.56250000 0.23750000
vt 0.13476562 0.00195312
vn -1.00000000 0.00000000 0.00000000
v 0.20625000 0.18750000 0.23750000
vt 0.13476562 0.03710938
vn -1.00000000 0.00000000 0.00000000
v 0.20625000 0.18750000 0.76250000
vt 0.18359375 0.03710938
vn -1.00000000 0.00000000 0.00000000
v 0.20625000 0.56250000 0.76250000
vt 0.18359375 0.00195312
vn -1.00000000 0.00000000 0.00000000
f 253/253/253 254/254/254 255/255/255 256/256/256
usemtl texture_0
v 0.20625000 0.56250000 0.23750000
vt 0.18750000 0.00195312
vn 0.00000000 1.00000000 0.00000000
v 0.20625000 0.56250000 0.76250000
vt 0.18750000 0.05078125
vn 0.00000000 1.00000000 0.00000000
v 0.23750000 0.56250000 0.76250000
vt 0.19140625 0.05078125
vn 0.00000000 1.00000000 0.00000000
v 0.23750000 0.56250000 0.23750000
vt 0.19140625 0.00195312
vn 0.00000000 1.00000000 0.00000000
f 257/257/257 258/258/258 259/259/259 260/260/260
usemtl texture_0
v 0.20625000 0.18750000 0.76250000
vt 0.18750000 0.00195312
vn 0.00000000 -1.00000000 0.00000000
v 0.20625000 0.18750000 0.23750000
vt 0.18750000 0.05078125
vn 0.00000000 -1.00000000 0.00000000
v 0.23750000 0.18750000 0.23750000
vt 0.19140625 0.05078125
vn 0.00000000 -1.00000000 0.00000000
v 0.23750000 0.18750000 0.76250000
vt 0.19140625 0.00195312
vn 0.00000000 -1.00000000 0.00000000
f 261/261/261 262/262/262 263/263/263 264/264/264
usemtl texture_0
v 0.79375000 0.56250000 0.23750000
vt 0.05859375 0.00195312
vn 0.00000000 -0.00000000 -1.00000000
v 0.79375000 0.18750000 0.23750000
vt 0.05859375 0.03710938
vn 0.00000000 -0.00000000 -1.00000000
v 0.76250000 0.18750000 0.23750000
vt 0.06250000 0.03710938
vn 0.00000000 -0.00000000 -1.00000000
v 0.76250000 0.56250000 0.23750000
vt 0.06250000 0.00195312
vn 0.00000000 -0.00000000 -1.00000000
f 265/265/265 266/266/266 267/267/267 268/268/268
usemtl texture_0
v 0.76250000 0.56250000 0.76250000
vt 0.05859375 0.00195312
vn 0.00000000 0.00000000 1.00000000
v 0.76250000 0.18750000 0.76250000
vt 0.05859375 0.03710938
vn 0.00000000 0.00000000 1.00000000
v 0.79375000 0.18750000 0.76250000
vt 0.06250000 0.03710938
vn 0.00000000 0.00000000 1.00000000
v 0.79375000 0.56250000 0.76250000
vt 0.06250000 0.00195312
vn 0.00000000 0.00000000 1.00000000
f 269/269/269 270/270/270 271/271/271 272/272/272
usemtl texture_0
v 0.79375000 0.56250000 0.76250000
vt 0.13476562 0.00195312
vn 1.00000000 0.00000000 0.00000000
v 0.79375000 0.18750000 0.76250000
vt 0.13476562 0.03710938
vn 1.00000000 0.00000000 0.00000000
v 0.79375000 0.18750000 0.23750000
vt 0.18359375 0.03710938
vn 1.00000000 0.00000000 0.00000000
v 0.79375000 0.56250000 0.23750000
vt 0.18359375 0.00195312
vn 1.00000000 0.00000000 0.00000000
f 273/273/273 274/274/274 275/275/275 276/276/276
usemtl texture_0
v 0.76250000 0.56250000 0.23750000
vt 0.13476562 0.00195312
vn -1.00000000 0.00000000 0.00000000
v 0.76250000 0.18750000 0.23750000
vt 0.13476562 0.03710938
vn -1.00000000 0.00000000 0.00000000
v 0.76250000 0.18750000 0.76250000
vt 0.18359375 0.03710938
vn -1.00000000 0.00000000 0.00000000
v 0.76250000 0.56250000 0.76250000
vt 0.18359375 0.00195312
vn -1.00000000 0.00000000 0.00000000
f 277/277/277 278/278/278 279/279/279 280/280/280
usemtl texture_0
v 0.76250000 0.56250000 0.23750000
vt 0.18750000 0.00195312
vn 0.00000000 1.00000000 0.00000000
v 0.76250000 0.56250000 0.76250000
vt 0.18750000 0.05078125
vn 0.00000000 1.00000000 0.00000000
v 0.79375000 0.56250000 0.76250000
vt 0.19140625 0.05078125
vn 0.00000000 1.00000000 0.00000000
v 0.79375000 0.56250000 0.23750000
vt 0.19140625 0.00195312
vn 0.00000000 1.00000000 0.00000000
f 281/281/281 282/282/282 283/283/283 284/284/284
usemtl texture_0
v 0.76250000 0.18750000 0.76250000
vt 0.18750000 0.00195312
vn 0.00000000 -1.00000000 0.00000000
v 0.76250000 0.18750000 0.23750000
vt 0.18750000 0.05078125
vn 0.00000000 -1.00000000 0.00000000
v 0.79375000 0.18750000 0.23750000
vt 0.19140625 0.05078125
vn 0.00000000 -1.00000000 0.00000000
v 0.79375000 0.18750000 0.76250000
vt 0.19140625 0.00195312
vn 0.00000000 -1.00000000 0.00000000
f 285/285/285 286/286/286 287/287/287 288/288/288
usemtl texture_0
v 0.79375000 0.60000000 0.20625000
vt 0.19531250 0.00195312
vn 0.00000000 -0.00000000 -1.00000000
v 0.79375000 0.56250000 0.20625000
vt 0.19531250 0.00585938
vn 0.00000000 -0.00000000 -1.00000000
v 0.20625000 0.56250000 0.20625000
vt 0.25000000 0.00585938
vn 0.00000000 -0.00000000 -1.00000000
v 0.20625000 0.60000000 0.20625000
vt 0.25000000 0.00195312
vn 0.00000000 -0.00000000 -1.00000000
f 289/289/289 290/290/290 291/291/291 292/292/292
usemtl texture_0
v 0.20625000 0.60000000 0.79375000
vt 0.19531250 0.00195312
vn 0.00000000 0.00000000 1.00000000
v 0.20625000 0.56250000 0.79375000
vt 0.19531250 0.00585938
vn 0.00000000 0.00000000 1.00000000
v 0.79375000 0.56250000 0.79375000
vt 0.25000000 0.00585938
vn 0.00000000 0.00000000 1.00000000
v 0.79375000 0.60000000 0.79375000
vt 0.25000000 0.00195312
vn 0.00000000 0.00000000 1.00000000
f 293/293/293 294/294/294 295/295/295 296/296/296
usemtl texture_0
v 0.79375000 0.60000000 0.79375000
vt 0.19531250 0.00195312
vn 1.00000000 0.00000000 0.00000000
v 0.79375000 0.56250000 0.79375000
vt 0.19531250 0.00585938
vn 1.00000000 0.00000000 0.00000000
v 0.79375000 0.56250000 0.20625000
vt 0.25000000 0.00585938
vn 1.00000000 0.00000000 0.00000000
v 0.79375000 0.60000000 0.20625000
vt 0.25000000 0.00195312
vn 1.00000000 0.00000000 0.00000000
f 297/297/297 298/298/298 299/299/299 300/300/300
usemtl texture_0
v 0.20625000 0.60000000 0.20625000
vt 0.19531250 0.00195312
vn -1.00000000 0.00000000 0.00000000
v 0.20625000 0.56250000 0.20625000
vt 0.19531250 0.00585938
vn -1.00000000 0.00000000 0.00000000
v 0.20625000 0.56250000 0.79375000
vt 0.25000000 0.00585938
vn -1.00000000 0.00000000 0.00000000
v 0.20625000 0.60000000 0.79375000
vt 0.25000000 0.00195312
vn -1.00000000 0.00000000 0.00000000
f 301/301/301 302/302/302 303/303/303 304/304/304
usemtl texture_0
v 0.20625000 0.60000000 0.20625000
vt 0.25390625 0.00195312
vn 0.00000000 1.00000000 0.00000000
v 0.20625000 0.60000000 0.79375000
vt 0.25390625 0.05664062
vn 0.00000000 1.00000000 0.00000000
v 0.79375000 0.60000000 0.79375000
vt 0.30859375 0.05664062
vn 0.00000000 1.00000000 0.00000000
v 0.79375000 0.60000000 0.20625000
vt 0.30859375 0.00195312
vn 0.00000000 1.00000000 0.00000000
f 305/305/305 306/306/306 307/307/307 308/308/308
usemtl texture_0
v 0.20625000 0.56250000 0.79375000
vt 0.25390625 0.00195312
vn 0.00000000 -1.00000000 0.00000000
v 0.20625000 0.56250000 0.20625000
vt 0.25390625 0.05664062
vn 0.00000000 -1.00000000 0.00000000
v 0.79375000 0.56250000 0.20625000
vt 0.30859375 0.05664062
vn 0.00000000 -1.00000000 0.00000000
v 0.79375000 0.56250000 0.79375000
vt 0.30859375 0.00195312
vn 0.00000000 -1.00000000 0.00000000
f 309/309/309 310/310/310 311/311/311 312/312/312
usemtl texture_0
v 0.54375000 0.60687500 0.20625000
vt 0.31250000 0.00195312
vn 0.00000000 -0.00000000 -1.00000000
v 0.54375000 0.60062500 0.20625000
vt 0.31250000 0.00390625
vn 0.00000000 -0.00000000 -1.00000000
v 0.45625000 0.60062500 0.20625000
vt 0.32031250 0.00390625
vn 0.00000000 -0.00000000 -1.00000000
v 0.45625000 0.60687500 0.20625000
vt 0.32031250 0.00195312
vn 0.00000000 -0.00000000 -1.00000000
f 313/313/313 314/314/314 315/315/315 316/316/316
usemtl texture_0
v 0.45625000 0.60687500 0.79375000
vt 0.31250000 0.00195312
vn 0.00000000 0.00000000 1.00000000
v 0.45625000 0.60062500 0.79375000
vt 0.31250000 0.00390625
vn 0.00000000 0.00000000 1.00000000
v 0.54375000 0.60062500 0.79375000
vt 0.32031250 0.00390625
vn 0.00000000 0.00000000 1.00000000
v 0.54375000 0.60687500 0.79375000
vt 0.32031250 0.00195312
vn 0.00000000 0.00000000 1.00000000
f 317/317/317 318/318/318 319/319/319 320/320/320
usemtl texture_0
v 0.54375000 0.60687500 0.79375000
vt 0.32421875 0.00195312
vn 1.00000000 0.00000000 0.00000000
v 0.54375000 0.60062500 0.79375000
vt 0.32421875 0.00390625
vn 1.00000000 0.00000000 0.00000000
v 0.54375000 0.60062500 0.20625000
vt 0.37890625 0.00390625
vn 1.00000000 0.00000000 0.00000000
v 0.54375000 0.60687500 0.20625000
vt 0.37890625 0.00195312
vn 1.00000000 0.00000000 0.00000000
f 321/321/321 322/322/322 323/323/323 324/324/324
usemtl texture_0
v 0.45625000 0.60687500 0.20625000
vt 0.32421875 0.00195312
vn -1.00000000 0.00000000 0.00000000
v 0.45625000 0.60062500 0.20625000
vt 0.32421875 0.00390625
vn -1.00000000 0.00000000 0.00000000
v 0.45625000 0.60062500 0.79375000
vt 0.37890625 0.00390625
vn -1.00000000 0.00000000 0.00000000
v 0.45625000 0.60687500 0.79375000
vt 0.37890625 0.00195312
vn -1.00000000 0.00000000 0.00000000
f 325/325/325 326/326/326 327/327/327 328/328/328
usemtl texture_0
v 0.45625000 0.60687500 0.20625000
vt 0.38281250 0.00195312
vn 0.00000000 1.00000000 0.00000000
v 0.45625000 0.60687500 0.79375000
vt 0.38281250 0.05664062
vn 0.00000000 1.00000000 0.00000000
v 0.54375000 0.60687500 0.79375000
vt 0.39062500 0.05664062
vn 0.00000000 1.00000000 0.00000000
v 0.54375000 0.60687500 0.20625000
vt 0.39062500 0.00195312
vn 0.00000000 1.00000000 0.00000000
f 329/329/329 330/330/330 331/331/331 332/332/332
usemtl texture_0
v 0.45625000 0.60062500 0.79375000
vt 0.38281250 0.00195312
vn 0.00000000 -1.00000000 0.00000000
v 0.45625000 0.60062500 0.20625000
vt 0.38281250 0.05664062
vn 0.00000000 -1.00000000 0.00000000
v 0.54375000 0.60062500 0.20625000
vt 0.39062500 0.05664062
vn 0.00000000 -1.00000000 0.00000000
v 0.54375000 0.60062500 0.79375000
vt 0.39062500 0.00195312
vn 0.00000000 -1.00000000 0.00000000
f 333/333/333 334/334/334 335/335/335 336/336/336
usemtl texture_0
v 0.54375000 0.60000000 0.20250000
vt 0.39453125 0.00195312
vn 0.00000000 -0.00000000 -1.00000000
v 0.54375000 0.42500000 0.20250000
vt 0.39453125 0.01757812
vn 0.00000000 -0.00000000 -1.00000000
v 0.45625000 0.42500000 0.20250000
vt 0.40234375 0.01757812
vn 0.00000000 -0.00000000 -1.00000000
v 0.45625000 0.60000000 0.20250000
vt 0.40234375 0.00195312
vn 0.00000000 -0.00000000 -1.00000000
f 337/337/337 338/338/338 339/339/339 340/340/340
usemtl texture_0
v 0.45625000 0.60000000 0.21187500
vt 0.39453125 0.00195312
vn 0.00000000 0.00000000 1.00000000
v 0.45625000 0.42500000 0.21187500
vt 0.39453125 0.01757812
vn 0.00000000 0.00000000 1.00000000
v 0.54375000 0.42500000 0.21187500
vt 0.40234375 0.01757812
vn 0.00000000 0.00000000 1.00000000
v 0.54375000 0.60000000 0.21187500
vt 0.40234375 0.00195312
vn 0.00000000 0.00000000 1.00000000
f 341/341/341 342/342/342 343/343/343 344/344/344
usemtl texture_0
v 0.54375000 0.60000000 0.21187500
vt 0.40625000 0.00195312
vn 1.00000000 0.00000000 0.00000000
v 0.54375000 0.42500000 0.21187500
vt 0.40625000 0.01757812
vn 1.00000000 0.00000000 0.00000000
v 0.54375000 0.42500000 0.20250000
vt 0.40820312 0.01757812
vn 1.00000000 0.00000000 0.00000000
v 0.54375000 0.60000000 0.20250000
vt 0.40820312 0.00195312
vn 1.00000000 0.00000000 0.00000000
f 345/345/345 346/346/346 347/347/347 348/348/348
usemtl texture_0
v 0.45625000 0.60000000 0.20250000
vt 0.40625000 0.00195312
vn -1.00000000 0.00000000 0.00000000
v 0.45625000 0.42500000 0.20250000
vt 0.40625000 0.01757812
vn -1.00000000 0.00000000 0.00000000
v 0.45625000 0.42500000 0.21187500
vt 0.40820312 0.01757812
vn -1.00000000 0.00000000 0.00000000
v 0.45625000 0.60000000 0.21187500
vt 0.40820312 0.00195312
vn -1.00000000 0.00000000 0.00000000
f 349/349/349 350/350/350 351/351/351 352/352/352
usemtl texture_0
v 0.45625000 0.60000000 0.20250000
vt 0.41210938 0.00195312
vn 0.00000000 1.00000000 0.00000000
v 0.45625000 0.60000000 0.21187500
vt 0.41210938 0.00390625
vn 0.00000000 1.00000000 0.00000000
v 0.54375000 0.60000000 0.21187500
vt 0.41992188 0.00390625
vn 0.00000000 1.00000000 0.00000000
v 0.54375000 0.60000000 0.20250000
vt 0.41992188 0.00195312
vn 0.00000000 1.00000000 0.00000000
f 353/353/353 354/354/354 355/355/355 356/356/356
usemtl texture_0
v 0.45625000 0.42500000 0.21187500
vt 0.41210938 0.00195312
vn 0.00000000 -1.00000000 0.00000000
v 0.45625000 0.42500000 0.20250000
vt 0.41210938 0.00390625
vn 0.00000000 -1.00000000 0.00000000
v 0.54375000 0.42500000 0.20250000
vt 0.41992188 0.00390625
vn 0.00000000 -1.00000000 0.00000000
v 0.54375000 0.42500000 0.21187500
vt 0.41992188 0.00195312
vn 0.00000000 -1.00000000 0.00000000
f 357/357/357 358/358/358 359/359/359 360/360/360
usemtl texture_0
v 0.73750000 0.55000000 0.19875000
vt 0.42382812 0.00195312
vn 0.00000000 -0.00000000 -1.00000000
v 0.73750000 0.50000000 0.19875000
vt 0.42382812 0.00585938
vn 0.00000000 -0.00000000 -1.00000000
v 0.62500000 0.50000000 0.19875000
vt 0.43359375 0.00585938
vn 0.00000000 -0.00000000 -1.00000000
v 0.62500000 0.55000000 0.19875000
vt 0.43359375 0.00195312
vn 0.00000000 -0.00000000 -1.00000000
f 361/361/361 362/362/362 363/363/363 364/364/364
usemtl texture_0
v 0.62500000 0.55000000 0.20812500
vt 0.42382812 0.00195312
vn 0.00000000 0.00000000 1.00000000
v 0.62500000 0.50000000 0.20812500
vt 0.42382812 0.00585938
vn 0.00000000 0.00000000 1.00000000
v 0.73750000 0.50000000 0.20812500
vt 0.43359375 0.00585938
vn 0.00000000 0.00000000 1.00000000
v 0.73750000 0.55000000 0.20812500
vt 0.43359375 0.00195312
vn 0.00000000 0.00000000 1.00000000
f 365/365/365 366/366/366 367/367/367 368/368/368
usemtl texture_0
v 0.73750000 0.55000000 0.20812500
vt 0.43750000 0.00195312
vn 1.00000000 0.00000000 0.00000000
v 0.73750000 0.50000000 0.20812500
vt 0.43750000 0.00585938
vn 1.00000000 0.00000000 0.00000000
v 0.73750000 0.50000000 0.19875000
vt 0.43945312 0.00585938
vn 1.00000000 0.00000000 0.00000000
v 0.73750000 0.55000000 0.19875000
vt 0.43945312 0.00195312
vn 1.00000000 0.00000000 0.00000000
f 369/369/369 370/370/370 371/371/371 372/372/372
usemtl texture_0
v 0.62500000 0.55000000 0.19875000
vt 0.43750000 0.00195312
vn -1.00000000 0.00000000 0.00000000
v 0.62500000 0.50000000 0.19875000
vt 0.43750000 0.00585938
vn -1.00000000 0.00000000 0.00000000
v 0.62500000 0.50000000 0.20812500
vt 0.43945312 0.00585938
vn -1.00000000 0.00000000 0.00000000
v 0.62500000 0.55000000 0.20812500
vt 0.43945312 0.00195312
vn -1.00000000 0.00000000 0.00000000
f 373/373/373 374/374/374 375/375/375 376/376/376
usemtl texture_0
v 0.62500000 0.55000000 0.19875000
vt 0.44335938 0.00195312
vn 0.00000000 1.00000000 0.00000000
v 0.62500000 0.55000000 0.20812500
vt 0.44335938 0.00390625
vn 0.00000000 1.00000000 0.00000000
v 0.73750000 0.55000000 0.20812500
vt 0.45312500 0.00390625
vn 0.00000000 1.00000000 0.00000000
v 0.73750000 0.55000000 0.19875000
vt 0.45312500 0.00195312
vn 0.00000000 1.00000000 0.00000000
f 377/377/377 378/378/378 379/379/379 380/380/380
usemtl texture_0
v 0.62500000 0.50000000 0.20812500
vt 0.44335938 0.00195312
vn 0.00000000 -1.00000000 0.00000000
v 0.62500000 0.50000000 0.19875000
vt 0.44335938 0.00390625
vn 0.00000000 -1.00000000 0.00000000
v 0.73750000 0.50000000 0.19875000
vt 0.45312500 0.00390625
vn 0.00000000 -1.00000000 0.00000000
v 0.73750000 0.50000000 0.20812500
vt 0.45312500 0.00195312
vn 0.00000000 -1.00000000 0.00000000
f 381/381/381 382/382/382 383/383/383 384/384/384
usemtl texture_0
v 0.39437500 0.42375000 0.19562500
vt 0.45703125 0.00195312
vn 0.00000000 -0.00000000 -1.00000000
v 0.39437500 0.33750000 0.19562500
vt 0.45703125 0.00976562
vn 0.00000000 -0.00000000 -1.00000000
v 0.35562500 0.33750000 0.19562500
vt 0.46093750 0.00976562
vn 0.00000000 -0.00000000 -1.00000000
v 0.35562500 0.42375000 0.19562500
vt 0.46093750 0.00195312
vn 0.00000000 -0.00000000 -1.00000000
f 385/385/385 386/386/386 387/387/387 388/388/388
usemtl texture_0
v 0.35562500 0.42375000 0.20562500
vt 0.45703125 0.00195312
vn 0.00000000 0.00000000 1.00000000
v 0.35562500 0.33750000 0.20562500
vt 0.45703125 0.00976562
vn 0.00000000 0.00000000 1.00000000
v 0.39437500 0.33750000 0.20562500
vt 0.46093750 0.00976562
vn 0.00000000 0.00000000 1.00000000
v 0.39437500 0.42375000 0.20562500
vt 0.46093750 0.00195312
vn 0.00000000 0.00000000 1.00000000
f 389/389/389 390/390/390 391/391/391 392/392/392
usemtl texture_0
v 0.39437500 0.42375000 0.20562500
vt 0.46484375 0.00195312
vn 1.00000000 0.00000000 0.00000000
v 0.39437500 0.33750000 0.20562500
vt 0.46484375 0.00976562
vn 1.00000000 0.00000000 0.00000000
v 0.39437500 0.33750000 0.19562500
vt 0.46679688 0.00976562
vn 1.00000000 0.00000000 0.00000000
v 0.39437500 0.42375000 0.19562500
vt 0.46679688 0.00195312
vn 1.00000000 0.00000000 0.00000000
f 393/393/393 394/394/394 395/395/395 396/396/396
usemtl texture_0
v 0.35562500 0.42375000 0.19562500
vt 0.46484375 0.00195312
vn -1.00000000 0.00000000 0.00000000
v 0.35562500 0.33750000 0.19562500
vt 0.46484375 0.00976562
vn -1.00000000 0.00000000 0.00000000
v 0.35562500 0.33750000 0.20562500
vt 0.46679688 0.00976562
vn -1.00000000 0.00000000 0.00000000
v 0.35562500 0.42375000 0.20562500
vt 0.46679688 0.00195312
vn -1.00000000 0.00000000 0.00000000
f 397/397/397 398/398/398 399/399/399 400/400/400
usemtl texture_0
v 0.35562500 0.42375000 0.19562500
vt 0.47070312 0.00195312
vn 0.00000000 1.00000000 0.00000000
v 0.35562500 0.42375000 0.20562500
vt 0.47070312 0.00390625
vn 0.00000000 1.00000000 0.00000000
v 0.39437500 0.42375000 0.20562500
vt 0.47460938 0.00390625
vn 0.00000000 1.00000000 0.00000000
v 0.39437500 0.42375000 0.19562500
vt 0.47460938 0.00195312
vn 0.00000000 1.00000000 0.00000000
f 401/401/401 402/402/402 403/403/403 404/404/404
usemtl texture_0
v 0.35562500 0.33750000 0.20562500
vt 0.47070312 0.00195312
vn 0.00000000 -1.00000000 0.00000000
v 0.35562500 0.33750000 0.19562500
vt 0.47070312 0.00390625
vn 0.00000000 -1.00000000 0.00000000
v 0.39437500 0.33750000 0.19562500
vt 0.47460938 0.00390625
vn 0.00000000 -1.00000000 0.00000000
v 0.39437500 0.33750000 0.20562500
vt 0.47460938 0.00195312
vn 0.00000000 -1.00000000 0.00000000
f 405/405/405 406/406/406 407/407/407 408/408/408
usemtl texture_0
v 0.35562500 0.41000000 0.19562500
vt 0.47851562 0.00195312
vn 0.00000000 -0.00000000 -1.00000000
v 0.35562500 0.35125000 0.19562500
vt 0.47851562 0.00781250
vn 0.00000000 -0.00000000 -1.00000000
v 0.34187500 0.35125000 0.19562500
vt 0.48046875 0.00781250
vn 0.00000000 -0.00000000 -1.00000000
v 0.34187500 0.41000000 0.19562500
vt 0.48046875 0.00195312
vn 0.00000000 -0.00000000 -1.00000000
f 409/409/409 410/410/410 411/411/411 412/412/412
usemtl texture_0
v 0.34187500 0.41000000 0.20562500
vt 0.47851562 0.00195312
vn 0.00000000 0.00000000 1.00000000
v 0.34187500 0.35125000 0.20562500
vt 0.47851562 0.00781250
vn 0.00000000 0.00000000 1.00000000
v 0.35562500 0.35125000 0.20562500
vt 0.48046875 0.00781250
vn 0.00000000 0.00000000 1.00000000
v 0.35562500 0.41000000 0.20562500
vt 0.48046875 0.00195312
vn 0.00000000 0.00000000 1.00000000
f 413/413/413 414/414/414 415/415/415 416/416/416
usemtl texture_0
v 0.35562500 0.41000000 0.20562500
vt 0.47851562 0.00195312
vn 1.00000000 0.00000000 0.00000000
v 0.35562500 0.35125000 0.20562500
vt 0.47851562 0.00781250
vn 1.00000000 0.00000000 0.00000000
v 0.35562500 0.35125000 0.19562500
vt 0.48046875 0.00781250
vn 1.00000000 0.00000000 0.00000000
v 0.35562500 0.41000000 0.19562500
vt 0.48046875 0.00195312
vn 1.00000000 0.00000000 0.00000000
f 417/417/417 418/418/418 419/419/419 420/420/420
usemtl texture_0
v 0.34187500 0.41000000 0.19562500
vt 0.47851562 0.00195312
vn -1.00000000 0.00000000 0.00000000
v 0.34187500 0.35125000 0.19562500
vt 0.47851562 0.00781250
vn -1.00000000 0.00000000 0.00000000
v 0.34187500 0.35125000 0.20562500
vt 0.48046875 0.00781250
vn -1.00000000 0.00000000 0.00000000
v 0.34187500 0.41000000 0.20562500
vt 0.48046875 0.00195312
vn -1.00000000 0.00000000 0.00000000
f 421/421/421 422/422/422 423/423/423 424/424/424
usemtl texture_0
v 0.34187500 0.41000000 0.19562500
vt 0.48437500 0.00195312
vn 0.00000000 1.00000000 0.00000000
v 0.34187500 0.41000000 0.20562500
vt 0.48437500 0.00390625
vn 0.00000000 1.00000000 0.00000000
v 0.35562500 0.41000000 0.20562500
vt 0.48632812 0.00390625
vn 0.00000000 1.00000000 0.00000000
v 0.35562500 0.41000000 0.19562500
vt 0.48632812 0.00195312
vn 0.00000000 1.00000000 0.00000000
f 425/425/425 426/426/426 427/427/427 428/428/428
usemtl texture_0
v 0.34187500 0.35125000 0.20562500
vt 0.48437500 0.00195312
vn 0.00000000 -1.00000000 0.00000000
v 0.34187500 0.35125000 0.19562500
vt 0.48437500 0.00390625
vn 0.00000000 -1.00000000 0.00000000
v 0.35562500 0.35125000 0.19562500
vt 0.48632812 0.00390625
vn 0.00000000 -1.00000000 0.00000000
v 0.35562500 0.35125000 0.20562500
vt 0.48632812 0.00195312
vn 0.00000000 -1.00000000 0.00000000
f 429/429/429 430/430/430 431/431/431 432/432/432
usemtl texture_0
v 0.40812500 0.41000000 0.19562500
vt 0.47851562 0.00195312
vn 0.00000000 -0.00000000 -1.00000000
v 0.40812500 0.35125000 0.19562500
vt 0.47851562 0.00781250
vn 0.00000000 -0.00000000 -1.00000000
v 0.39437500 0.35125000 0.19562500
vt 0.48046875 0.00781250
vn 0.00000000 -0.00000000 -1.00000000
v 0.39437500 0.41000000 0.19562500
vt 0.48046875 0.00195312
vn 0.00000000 -0.00000000 -1.00000000
f 433/433/433 434/434/434 435/435/435 436/436/436
usemtl texture_0
v 0.39437500 0.41000000 0.20562500
vt 0.47851562 0.00195312
vn 0.00000000 0.00000000 1.00000000
v 0.39437500 0.35125000 0.20562500
vt 0.47851562 0.00781250
vn 0.00000000 0.00000000 1.00000000
v 0.40812500 0.35125000 0.20562500
vt 0.48046875 0.00781250
vn 0.00000000 0.00000000 1.00000000
v 0.40812500 0.41000000 0.20562500
vt 0.48046875 0.00195312
vn 0.00000000 0.00000000 1.00000000
f 437/437/437 438/438/438 439/439/439 440/440/440
usemtl texture_0
v 0.40812500 0.41000000 0.20562500
vt 0.47851562 0.00195312
vn 1.00000000 0.00000000 0.00000000
v 0.40812500 0.35125000 0.20562500
vt 0.47851562 0.00781250
vn 1.00000000 0.00000000 0.00000000
v 0.40812500 0.35125000 0.19562500
vt 0.48046875 0.00781250
vn 1.00000000 0.00000000 0.00000000
v 0.40812500 0.41000000 0.19562500
vt 0.48046875 0.00195312
vn 1.00000000 0.00000000 0.00000000
f 441/441/441 442/442/442 443/443/443 444/444/444
usemtl texture_0
v 0.39437500 0.41000000 0.19562500
vt 0.47851562 0.00195312
vn -1.00000000 0.00000000 0.00000000
v 0.39437500 0.35125000 0.19562500
vt 0.47851562 0.00781250
vn -1.00000000 0.00000000 0.00000000
v 0.39437500 0.35125000 0.20562500
vt 0.48046875 0.00781250
vn -1.00000000 0.00000000 0.00000000
v 0.39437500 0.41000000 0.20562500
vt 0.48046875 0.00195312
vn -1.00000000 0.00000000 0.00000000
f 445/445/445 446/446/446 447/447/447 448/448/448
usemtl texture_0
v 0.39437500 0.41000000 0.19562500
vt 0.48437500 0.00195312
vn 0.00000000 1.00000000 0.00000000
v 0.39437500 0.41000000 0.20562500
vt 0.48437500 0.00390625
vn 0.00000000 1.00000000 0.00000000
v 0.40812500 0.41000000 0.20562500
vt 0.48632812 0.00390625
vn 0.00000000 1.00000000 0.00000000
v 0.40812500 0.41000000 0.19562500
vt 0.48632812 0.00195312
vn 0.00000000 1.00000000 0.00000000
f 449/449/449 450/450/450 451/451/451 452/452/452
usemtl texture_0
v 0.39437500 0.35125000 0.20562500
vt 0.48437500 0.00195312
vn 0.00000000 -1.00000000 0.00000000
v 0.39437500 0.35125000 0.19562500
vt 0.48437500 0.00390625
vn 0.00000000 -1.00000000 0.00000000
v 0.40812500 0.35125000 0.19562500
vt 0.48632812 0.00390625
vn 0.00000000 -1.00000000 0.00000000
v 0.40812500 0.35125000 0.20562500
vt 0.48632812 0.00195312
vn 0.00000000 -1.00000000 0.00000000
f 453/453/453 454/454/454 455/455/455 456/456/456
usemtl texture_0
v 0.38125000 0.41125000 0.19312500
vt 0.49023438 0.00195312
vn 0.00000000 -0.00000000 -1.00000000
v 0.38125000 0.38625000 0.19312500
vt 0.49023438 0.00390625
vn 0.00000000 -0.00000000 -1.00000000
v 0.35750000 0.38625000 0.19312500
vt 0.49218750 0.00390625
vn 0.00000000 -0.00000000 -1.00000000
v 0.35750000 0.41125000 0.19312500
vt 0.49218750 0.00195312
vn 0.00000000 -0.00000000 -1.00000000
f 457/457/457 458/458/458 459/459/459 460/460/460
usemtl texture_0
v 0.35750000 0.41125000 0.19812500
vt 0.49023438 0.00195312
vn 0.00000000 0.00000000 1.00000000
v 0.35750000 0.38625000 0.19812500
vt 0.49023438 0.00390625
vn 0.00000000 0.00000000 1.00000000
v 0.38125000 0.38625000 0.19812500
vt 0.49218750 0.00390625
vn 0.00000000 0.00000000 1.00000000
v 0.38125000 0.41125000 0.19812500
vt 0.49218750 0.00195312
vn 0.00000000 0.00000000 1.00000000
f 461/461/461 462/462/462 463/463/463 464/464/464
usemtl texture_0
v 0.38125000 0.41125000 0.19812500
vt 0.49023438 0.00195312
vn 1.00000000 0.00000000 0.00000000
v 0.38125000 0.38625000 0.19812500
vt 0.49023438 0.00390625
vn 1.00000000 0.00000000 0.00000000
v 0.38125000 0.38625000 0.19312500
vt 0.49218750 0.00390625
vn 1.00000000 0.00000000 0.00000000
v 0.38125000 0.41125000 0.19312500
vt 0.49218750 0.00195312
vn 1.00000000 0.00000000 0.00000000
f 465/465/465 466/466/466 467/467/467 468/468/468
usemtl texture_0
v 0.35750000 0.41125000 0.19312500
vt 0.49023438 0.00195312
vn -1.00000000 0.00000000 0.00000000
v 0.35750000 0.38625000 0.19312500
vt 0.49023438 0.00390625
vn -1.00000000 0.00000000 0.00000000
v 0.35750000 0.38625000 0.19812500
vt 0.49218750 0.00390625
vn -1.00000000 0.00000000 0.00000000
v 0.35750000 0.41125000 0.19812500
vt 0.49218750 0.00195312
vn -1.00000000 0.00000000 0.00000000
f 469/469/469 470/470/470 471/471/471 472/472/472
usemtl texture_0
v 0.35750000 0.41125000 0.19312500
vt 0.49609375 0.00195312
vn 0.00000000 1.00000000 0.00000000
v 0.35750000 0.41125000 0.19812500
vt 0.49609375 0.00390625
vn 0.00000000 1.00000000 0.00000000
v 0.38125000 0.41125000 0.19812500
vt 0.49804688 0.00390625
vn 0.00000000 1.00000000 0.00000000
v 0.38125000 0.41125000 0.19312500
vt 0.49804688 0.00195312
vn 0.00000000 1.00000000 0.00000000
f 473/473/473 474/474/474 475/475/475 476/476/476
usemtl texture_0
v 0.35750000 0.38625000 0.19812500
vt 0.49609375 0.00195312
vn 0.00000000 -1.00000000 0.00000000
v 0.35750000 0.38625000 0.19312500
vt 0.49609375 0.00390625
vn 0.00000000 -1.00000000 0.00000000
v 0.38125000 0.38625000 0.19312500
vt 0.49804688 0.00390625
vn 0.00000000 -1.00000000 0.00000000
v 0.38125000 0.38625000 0.19812500
vt 0.49804688 0.00195312
vn 0.00000000 -1.00000000 0.00000000
f 477/477/477 478/478/478 479/479/479 480/480/480
usemtl texture_0
v 0.39500000 0.36312500 0.19281250
vt 0.50195312 0.00195312
vn 0.00000000 -0.00000000 -1.00000000
v 0.39500000 0.35187500 0.19281250
vt 0.50195312 0.00390625
vn 0.00000000 -0.00000000 -1.00000000
v 0.38375000 0.35187500 0.19281250
vt 0.50390625 0.00390625
vn 0.00000000 -0.00000000 -1.00000000
v 0.38375000 0.36312500 0.19281250
vt 0.50390625 0.00195312
vn 0.00000000 -0.00000000 -1.00000000
f 481/481/481 482/482/482 483/483/483 484/484/484
usemtl texture_0
v 0.38375000 0.36312500 0.19781250
vt 0.50195312 0.00195312
vn 0.00000000 0.00000000 1.00000000
v 0.38375000 0.35187500 0.19781250
vt 0.50195312 0.00390625
vn 0.00000000 0.00000000 1.00000000
v 0.39500000 0.35187500 0.19781250
vt 0.50390625 0.00390625
vn 0.00000000 0.00000000 1.00000000
v 0.39500000 0.36312500 0.19781250
vt 0.50390625 0.00195312
vn 0.00000000 0.00000000 1.00000000
f 485/485/485 486/486/486 487/487/487 488/488/488
usemtl texture_0
v 0.39500000 0.36312500 0.19781250
vt 0.50195312 0.00195312
vn 1.00000000 0.00000000 0.00000000
v 0.39500000 0.35187500 0.19781250
vt 0.50195312 0.00390625
vn 1.00000000 0.00000000 0.00000000
v 0.39500000 0.35187500 0.19281250
vt 0.50390625 0.00390625
vn 1.00000000 0.00000000 0.00000000
v 0.39500000 0.36312500 0.19281250
vt 0.50390625 0.00195312
vn 1.00000000 0.00000000 0.00000000
f 489/489/489 490/490/490 491/491/491 492/492/492
usemtl texture_0
v 0.38375000 0.36312500 0.19281250
vt 0.50195312 0.00195312
vn -1.00000000 0.00000000 0.00000000
v 0.38375000 0.35187500 0.19281250
vt 0.50195312 0.00390625
vn -1.00000000 0.00000000 0.00000000
v 0.38375000 0.35187500 0.19781250
vt 0.50390625 0.00390625
vn -1.00000000 0.00000000 0.00000000
v 0.38375000 0.36312500 0.19781250
vt 0.50390625 0.00195312
vn -1.00000000 0.00000000 0.00000000
f 493/493/493 494/494/494 495/495/495 496/496/496
usemtl texture_0
v 0.38375000 0.36312500 0.19281250
vt 0.50781250 0.00195312
vn 0.00000000 1.00000000 0.00000000
v 0.38375000 0.36312500 0.19781250
vt 0.50781250 0.00390625
vn 0.00000000 1.00000000 0.00000000
v 0.39500000 0.36312500 0.19781250
vt 0.50976562 0.00390625
vn 0.00000000 1.00000000 0.00000000
v 0.39500000 0.36312500 0.19281250
vt 0.50976562 0.00195312
vn 0.00000000 1.00000000 0.00000000
f 497/497/497 498/498/498 499/499/499 500/500/500
usemtl texture_0
v 0.38375000 0.35187500 0.19781250
vt 0.50781250 0.00195312
vn 0.00000000 -1.00000000 0.00000000
v 0.38375000 0.35187500 0.19281250
vt 0.50781250 0.00390625
vn 0.00000000 -1.00000000 0.00000000
v 0.39500000 0.35187500 0.19281250
vt 0.50976562 0.00390625
vn 0.00000000 -1.00000000 0.00000000
v 0.39500000 0.35187500 0.19781250
vt 0.50976562 0.00195312
vn 0.00000000 -1.00000000 0.00000000
f 501/501/501 502/502/502 503/503/503 504/504/504
usemtl texture_0
v 0.64437500 0.42375000 0.19562500
vt 0.45703125 0.00195312
vn 0.00000000 -0.00000000 -1.00000000
v 0.64437500 0.33750000 0.19562500
vt 0.45703125 0.00976562
vn 0.00000000 -0.00000000 -1.00000000
v 0.60562500 0.33750000 0.19562500
vt 0.46093750 0.00976562
vn 0.00000000 -0.00000000 -1.00000000
v 0.60562500 0.42375000 0.19562500
vt 0.46093750 0.00195312
vn 0.00000000 -0.00000000 -1.00000000
f 505/505/505 506/506/506 507/507/507 508/508/508
usemtl texture_0
v 0.60562500 0.42375000 0.20562500
vt 0.45703125 0.00195312
vn 0.00000000 0.00000000 1.00000000
v 0.60562500 0.33750000 0.20562500
vt 0.45703125 0.00976562
vn 0.00000000 0.00000000 1.00000000
v 0.64437500 0.33750000 0.20562500
vt 0.46093750 0.00976562
vn 0.00000000 0.00000000 1.00000000
v 0.64437500 0.42375000 0.20562500
vt 0.46093750 0.00195312
vn 0.00000000 0.00000000 1.00000000
f 509/509/509 510/510/510 511/511/511 512/512/512
usemtl texture_0
v 0.64437500 0.42375000 0.20562500
vt 0.46484375 0.00195312
vn 1.00000000 0.00000000 0.00000000
v 0.64437500 0.33750000 0.20562500
vt 0.46484375 0.00976562
vn 1.00000000 0.00000000 0.00000000
v 0.64437500 0.33750000 0.19562500
vt 0.46679688 0.00976562
vn 1.00000000 0.00000000 0.00000000
v 0.64437500 0.42375000 0.19562500
vt 0.46679688 0.00195312
vn 1.00000000 0.00000000 0.00000000
f 513/513/513 514/514/514 515/515/515 516/516/516
usemtl texture_0
v 0.60562500 0.42375000 0.19562500
vt 0.46484375 0.00195312
vn -1.00000000 0.00000000 0.00000000
v 0.60562500 0.33750000 0.19562500
vt 0.46484375 0.00976562
vn -1.00000000 0.00000000 0.00000000
v 0.60562500 0.33750000 0.20562500
vt 0.46679688 0.00976562
vn -1.00000000 0.00000000 0.00000000
v 0.60562500 0.42375000 0.20562500
vt 0.46679688 0.00195312
vn -1.00000000 0.00000000 0.00000000
f 517/517/517 518/518/518 519/519/519 520/520/520
usemtl texture_0
v 0.60562500 0.42375000 0.19562500
vt 0.47070312 0.00195312
vn 0.00000000 1.00000000 0.00000000
v 0.60562500 0.42375000 0.20562500
vt 0.47070312 0.00390625
vn 0.00000000 1.00000000 0.00000000
v 0.64437500 0.42375000 0.20562500
vt 0.47460938 0.00390625
vn 0.00000000 1.00000000 0.00000000
v 0.64437500 0.42375000 0.19562500
vt 0.47460938 0.00195312
vn 0.00000000 1.00000000 0.00000000
f 521/521/521 522/522/522 523/523/523 524/524/524
usemtl texture_0
v 0.60562500 0.33750000 0.20562500
vt 0.47070312 0.00195312
vn 0.00000000 -1.00000000 0.00000000
v 0.60562500 0.33750000 0.19562500
vt 0.47070312 0.00390625
vn 0.00000000 -1.00000000 0.00000000
v 0.64437500 0.33750000 0.19562500
vt 0.47460938 0.00390625
vn 0.00000000 -1.00000000 0.00000000
v 0.64437500 0.33750000 0.20562500
vt 0.47460938 0.00195312
vn 0.00000000 -1.00000000 0.00000000
f 525/525/525 526/526/526 527/527/527 528/528/528
usemtl texture_0
v 0.60562500 0.41000000 0.19562500
vt 0.47851562 0.00195312
vn 0.00000000 -0.00000000 -1.00000000
v 0.60562500 0.35125000 0.19562500
vt 0.47851562 0.00781250
vn 0.00000000 -0.00000000 -1.00000000
v 0.59187500 0.35125000 0.19562500
vt 0.48046875 0.00781250
vn 0.00000000 -0.00000000 -1.00000000
v 0.59187500 0.41000000 0.19562500
vt 0.48046875 0.00195312
vn 0.00000000 -0.00000000 -1.00000000
f 529/529/529 530/530/530 531/531/531 532/532/532
usemtl texture_0
v 0.59187500 0.41000000 0.20562500
vt 0.47851562 0.00195312
vn 0.00000000 0.00000000 1.00000000
v 0.59187500 0.35125000 0.20562500
vt 0.47851562 0.00781250
vn 0.00000000 0.00000000 1.00000000
v 0.60562500 0.35125000 0.20562500
vt 0.48046875 0.00781250
vn 0.00000000 0.00000000 1.00000000
v 0.60562500 0.41000000 0.20562500
vt 0.48046875 0.00195312
vn 0.00000000 0.00000000 1.00000000
f 533/533/533 534/534/534 535/535/535 536/536/536
usemtl texture_0
v 0.60562500 0.41000000 0.20562500
vt 0.47851562 0.00195312
vn 1.00000000 0.00000000 0.00000000
v 0.60562500 0.35125000 0.20562500
vt 0.47851562 0.00781250
vn 1.00000000 0.00000000 0.00000000
v 0.60562500 0.35125000 0.19562500
vt 0.48046875 0.00781250
vn 1.00000000 0.00000000 0.00000000
v 0.60562500 0.41000000 0.19562500
vt 0.48046875 0.00195312
vn 1.00000000 0.00000000 0.00000000
f 537/537/537 538/538/538 539/539/539 540/540/540
usemtl texture_0
v 0.59187500 0.41000000 0.19562500
vt 0.47851562 0.00195312
vn -1.00000000 0.00000000 0.00000000
v 0.59187500 0.35125000 0.19562500
vt 0.47851562 0.00781250
vn -1.00000000 0.00000000 0.00000000
v 0.59187500 0.35125000 0.20562500
vt 0.48046875 0.00781250
vn -1.00000000 0.00000000 0.00000000
v 0.59187500 0.41000000 0.20562500
vt 0.48046875 0.00195312
vn -1.00000000 0.00000000 0.00000000
f 541/541/541 542/542/542 543/543/543 544/544/544
usemtl texture_0
v 0.59187500 0.41000000 0.19562500
vt 0.48437500 0.00195312
vn 0.00000000 1.00000000 0.00000000
v 0.59187500 0.41000000 0.20562500
vt 0.48437500 0.00390625
vn 0.00000000 1.00000000 0.00000000
v 0.60562500 0.41000000 0.20562500
vt 0.48632812 0.00390625
vn 0.00000000 1.00000000 0.00000000
v 0.60562500 0.41000000 0.19562500
vt 0.48632812 0.00195312
vn 0.00000000 1.00000000 0.00000000
f 545/545/545 546/546/546 547/547/547 548/548/548
usemtl texture_0
v 0.59187500 0.35125000 0.20562500
vt 0.48437500 0.00195312
vn 0.00000000 -1.00000000 0.00000000
v 0.59187500 0.35125000 0.19562500
vt 0.48437500 0.00390625
vn 0.00000000 -1.00000000 0.00000000
v 0.60562500 0.35125000 0.19562500
vt 0.48632812 0.00390625
vn 0.00000000 -1.00000000 0.00000000
v 0.60562500 0.35125000 0.20562500
vt 0.48632812 0.00195312
vn 0.00000000 -1.00000000 0.00000000
f 549/549/549 550/550/550 551/551/551 552/552/552
usemtl texture_0
v 0.65812500 0.41000000 0.19562500
vt 0.47851562 0.00195312
vn 0.00000000 -0.00000000 -1.00000000
v 0.65812500 0.35125000 0.19562500
vt 0.47851562 0.00781250
vn 0.00000000 -0.00000000 -1.00000000
v 0.64437500 0.35125000 0.19562500
vt 0.48046875 0.00781250
vn 0.00000000 -0.00000000 -1.00000000
v 0.64437500 0.41000000 0.19562500
vt 0.48046875 0.00195312
vn 0.00000000 -0.00000000 -1.00000000
f 553/553/553 554/554/554 555/555/555 556/556/556
usemtl texture_0
v 0.64437500 0.41000000 0.20562500
vt 0.47851562 0.00195312
vn 0.00000000 0.00000000 1.00000000
v 0.64437500 0.35125000 0.20562500
vt 0.47851562 0.00781250
vn 0.00000000 0.00000000 1.00000000
v 0.65812500 0.35125000 0.20562500
vt 0.48046875 0.00781250
vn 0.00000000 0.00000000 1.00000000
v 0.65812500 0.41000000 0.20562500
vt 0.48046875 0.00195312
vn 0.00000000 0.00000000 1.00000000
f 557/557/557 558/558/558 559/559/559 560/560/560
usemtl texture_0
v 0.65812500 0.41000000 0.20562500
vt 0.47851562 0.00195312
vn 1.00000000 0.00000000 0.00000000
v 0.65812500 0.35125000 0.20562500
vt 0.47851562 0.00781250
vn 1.00000000 0.00000000 0.00000000
v 0.65812500 0.35125000 0.19562500
vt 0.48046875 0.00781250
vn 1.00000000 0.00000000 0.00000000
v 0.65812500 0.41000000 0.19562500
vt 0.48046875 0.00195312
vn 1.00000000 0.00000000 0.00000000
f 561/561/561 562/562/562 563/563/563 564/564/564
usemtl texture_0
v 0.64437500 0.41000000 0.19562500
vt 0.47851562 0.00195312
vn -1.00000000 0.00000000 0.00000000
v 0.64437500 0.35125000 0.19562500
vt 0.47851562 0.00781250
vn -1.00000000 0.00000000 0.00000000
v 0.64437500 0.35125000 0.20562500
vt 0.48046875 0.00781250
vn -1.00000000 0.00000000 0.00000000
v 0.64437500 0.41000000 0.20562500
vt 0.48046875 0.00195312
vn -1.00000000 0.00000000 0.00000000
f 565/565/565 566/566/566 567/567/567 568/568/568
usemtl texture_0
v 0.64437500 0.41000000 0.19562500
vt 0.48437500 0.00195312
vn 0.00000000 1.00000000 0.00000000
v 0.64437500 0.41000000 0.20562500
vt 0.48437500 0.00390625
vn 0.00000000 1.00000000 0.00000000
v 0.65812500 0.41000000 0.20562500
vt 0.48632812 0.00390625
vn 0.00000000 1.00000000 0.00000000
v 0.65812500 0.41000000 0.19562500
vt 0.48632812 0.00195312
vn 0.00000000 1.00000000 0.00000000
f 569/569/569 570/570/570 571/571/571 572/572/572
usemtl texture_0
v 0.64437500 0.35125000 0.20562500
vt 0.48437500 0.00195312
vn 0.00000000 -1.00000000 0.00000000
v 0.64437500 0.35125000 0.19562500
vt 0.48437500 0.00390625
vn 0.00000000 -1.00000000 0.00000000
v 0.65812500 0.35125000 0.19562500
vt 0.48632812 0.00390625
vn 0.00000000 -1.00000000 0.00000000
v 0.65812500 0.35125000 0.20562500
vt 0.48632812 0.00195312
vn 0.00000000 -1.00000000 0.00000000
f 573/573/573 574/574/574 575/575/575 576/576/576
usemtl texture_0
v 0.63125000 0.41125000 0.19312500
vt 0.49023438 0.00195312
vn 0.00000000 -0.00000000 -1.00000000
v 0.63125000 0.38625000 0.19312500
vt 0.49023438 0.00390625
vn 0.00000000 -0.00000000 -1.00000000
v 0.60750000 0.38625000 0.19312500
vt 0.49218750 0.00390625
vn 0.00000000 -0.00000000 -1.00000000
v 0.60750000 0.41125000 0.19312500
vt 0.49218750 0.00195312
vn 0.00000000 -0.00000000 -1.00000000
f 577/577/577 578/578/578 579/579/579 580/580/580
usemtl texture_0
v 0.60750000 0.41125000 0.19812500
vt 0.49023438 0.00195312
vn 0.00000000 0.00000000 1.00000000
v 0.60750000 0.38625000 0.19812500
vt 0.49023438 0.00390625
vn 0.00000000 0.00000000 1.00000000
v 0.63125000 0.38625000 0.19812500
vt 0.49218750 0.00390625
vn 0.00000000 0.00000000 1.00000000
v 0.63125000 0.41125000 0.19812500
vt 0.49218750 0.00195312
vn 0.00000000 0.00000000 1.00000000
f 581/581/581 582/582/582 583/583/583 584/584/584
usemtl texture_0
v 0.63125000 0.41125000 0.19812500
vt 0.49023438 0.00195312
vn 1.00000000 0.00000000 0.00000000
v 0.63125000 0.38625000 0.19812500
vt 0.49023438 0.00390625
vn 1.00000000 0.00000000 0.00000000
v 0.63125000 0.38625000 0.19312500
vt 0.49218750 0.00390625
vn 1.00000000 0.00000000 0.00000000
v 0.63125000 0.41125000 0.19312500
vt 0.49218750 0.00195312
vn 1.00000000 0.00000000 0.00000000
f 585/585/585 586/586/586 587/587/587 588/588/588
usemtl texture_0
v 0.60750000 0.41125000 0.19312500
vt 0.49023438 0.00195312
vn -1.00000000 0.00000000 0.00000000
v 0.60750000 0.38625000 0.19312500
vt 0.49023438 0.00390625
vn -1.00000000 0.00000000 0.00000000
v 0.60750000 0.38625000 0.19812500
vt 0.49218750 0.00390625
vn -1.00000000 0.00000000 0.00000000
v 0.60750000 0.41125000 0.19812500
vt 0.49218750 0.00195312
vn -1.00000000 0.00000000 0.00000000
f 589/589/589 590/590/590 591/591/591 592/592/592
usemtl texture_0
v 0.60750000 0.41125000 0.19312500
vt 0.49609375 0.00195312
vn 0.00000000 1.00000000 0.00000000
v 0.60750000 0.41125000 0.19812500
vt 0.49609375 0.00390625
vn 0.00000000 1.00000000 0.00000000
v 0.63125000 0.41125000 0.19812500
vt 0.49804688 0.00390625
vn 0.00000000 1.00000000 0.00000000
v 0.63125000 0.41125000 0.19312500
vt 0.49804688 0.00195312
vn 0.00000000 1.00000000 0.00000000
f 593/593/593 594/594/594 595/595/595 596/596/596
usemtl texture_0
v 0.60750000 0.38625000 0.19812500
vt 0.49609375 0.00195312
vn 0.00000000 -1.00000000 0.00000000
v 0.60750000 0.38625000 0.19312500
vt 0.49609375 0.00390625
vn 0.00000000 -1.00000000 0.00000000
v 0.63125000 0.38625000 0.19312500
vt 0.49804688 0.00390625
vn 0.00000000 -1.00000000 0.00000000
v 0.63125000 0.38625000 0.19812500
vt 0.49804688 0.00195312
vn 0.00000000 -1.00000000 0.00000000
f 597/597/597 598/598/598 599/599/599 600/600/600
usemtl texture_0
v 0.64500000 0.36312500 0.19281250
vt 0.50195312 0.00195312
vn 0.00000000 -0.00000000 -1.00000000
v 0.64500000 0.35187500 0.19281250
vt 0.50195312 0.00390625
vn 0.00000000 -0.00000000 -1.00000000
v 0.63375000 0.35187500 0.19281250
vt 0.50390625 0.00390625
vn 0.00000000 -0.00000000 -1.00000000
v 0.63375000 0.36312500 0.19281250
vt 0.50390625 0.00195312
vn 0.00000000 -0.00000000 -1.00000000
f 601/601/601 602/602/602 603/603/603 604/604/604
usemtl texture_0
v 0.63375000 0.36312500 0.19781250
vt 0.50195312 0.00195312
vn 0.00000000 0.00000000 1.00000000
v 0.63375000 0.35187500 0.19781250
vt 0.50195312 0.00390625
vn 0.00000000 0.00000000 1.00000000
v 0.64500000 0.35187500 0.19781250
vt 0.50390625 0.00390625
vn 0.00000000 0.00000000 1.00000000
v 0.64500000 0.36312500 0.19781250
vt 0.50390625 0.00195312
vn 0.00000000 0.00000000 1.00000000
f 605/605/605 606/606/606 607/607/607 608/608/608
usemtl texture_0
v 0.64500000 0.36312500 0.19781250
vt 0.50195312 0.00195312
vn 1.00000000 0.00000000 0.00000000
v 0.64500000 0.35187500 0.19781250
vt 0.50195312 0.00390625
vn 1.00000000 0.00000000 0.00000000
v 0.64500000 0.35187500 0.19281250
vt 0.50390625 0.00390625
vn 1.00000000 0.00000000 0.00000000
v 0.64500000 0.36312500 0.19281250
vt 0.50390625 0.00195312
vn 1.00000000 0.00000000 0.00000000
f 609/609/609 610/610/610 611/611/611 612/612/612
usemtl texture_0
v 0.63375000 0.36312500 0.19281250
vt 0.50195312 0.00195312
vn -1.00000000 0.00000000 0.00000000
v 0.63375000 0.35187500 0.19281250
vt 0.50195312 0.00390625
vn -1.00000000 0.00000000 0.00000000
v 0.63375000 0.35187500 0.19781250
vt 0.50390625 0.00390625
vn -1.00000000 0.00000000 0.00000000
v 0.63375000 0.36312500 0.19781250
vt 0.50390625 0.00195312
vn -1.00000000 0.00000000 0.00000000
f 613/613/613 614/614/614 615/615/615 616/616/616
usemtl texture_0
v 0.63375000 0.36312500 0.19281250
vt 0.50781250 0.00195312
vn 0.00000000 1.00000000 0.00000000
v 0.63375000 0.36312500 0.19781250
vt 0.50781250 0.00390625
vn 0.00000000 1.00000000 0.00000000
v 0.64500000 0.36312500 0.19781250
vt 0.50976562 0.00390625
vn 0.00000000 1.00000000 0.00000000
v 0.64500000 0.36312500 0.19281250
vt 0.50976562 0.00195312
vn 0.00000000 1.00000000 0.00000000
f 617/617/617 618/618/618 619/619/619 620/620/620
usemtl texture_0
v 0.63375000 0.35187500 0.19781250
vt 0.50781250 0.00195312
vn 0.00000000 -1.00000000 0.00000000
v 0.63375000 0.35187500 0.19281250
vt 0.50781250 0.00390625
vn 0.00000000 -1.00000000 0.00000000
v 0.64500000 0.35187500 0.19281250
vt 0.50976562 0.00390625
vn 0.00000000 -1.00000000 0.00000000
v 0.64500000 0.35187500 0.19781250
vt 0.50976562 0.00195312
vn 0.00000000 -1.00000000 0.00000000
f 621/621/621 622/622/622 623/623/623 624/624/624
usemtl texture_0
v 0.34062500 0.34375000 0.19250000
vt 0.51367188 0.00195312
vn 0.00000000 -0.00000000 -1.00000000
v 0.34062500 0.31250000 0.19250000
vt 0.51367188 0.00585938
vn 0.00000000 -0.00000000 -1.00000000
v 0.28437500 0.31250000 0.19250000
vt 0.51953125 0.00585938
vn 0.00000000 -0.00000000 -1.00000000
v 0.28437500 0.34375000 0.19250000
vt 0.51953125 0.00195312
vn 0.00000000 -0.00000000 -1.00000000
f 625/625/625 626/626/626 627/627/627 628/628/628
usemtl texture_0
v 0.28437500 0.34375000 0.20062500
vt 0.51367188 0.00195312
vn 0.00000000 0.00000000 1.00000000
v 0.28437500 0.31250000 0.20062500
vt 0.51367188 0.00585938
vn 0.00000000 0.00000000 1.00000000
v 0.34062500 0.31250000 0.20062500
vt 0.51953125 0.00585938
vn 0.00000000 0.00000000 1.00000000
v 0.34062500 0.34375000 0.20062500
vt 0.51953125 0.00195312
vn 0.00000000 0.00000000 1.00000000
f 629/629/629 630/630/630 631/631/631 632/632/632
usemtl texture_0
v 0.34062500 0.34375000 0.20062500
vt 0.52343750 0.00195312
vn 1.00000000 0.00000000 0.00000000
v 0.34062500 0.31250000 0.20062500
vt 0.52343750 0.00585938
vn 1.00000000 0.00000000 0.00000000
v 0.34062500 0.31250000 0.19250000
vt 0.52539062 0.00585938
vn 1.00000000 0.00000000 0.00000000
v 0.34062500 0.34375000 0.19250000
vt 0.52539062 0.00195312
vn 1.00000000 0.00000000 0.00000000
f 633/633/633 634/634/634 635/635/635 636/636/636
usemtl texture_0
v 0.28437500 0.34375000 0.19250000
vt 0.52343750 0.00195312
vn -1.00000000 0.00000000 0.00000000
v 0.28437500 0.31250000 0.19250000
vt 0.52343750 0.00585938
vn -1.00000000 0.00000000 0.00000000
v 0.28437500 0.31250000 0.20062500
vt 0.52539062 0.00585938
vn -1.00000000 0.00000000 0.00000000
v 0.28437500 0.34375000 0.20062500
vt 0.52539062 0.00195312
vn -1.00000000 0.00000000 0.00000000
f 637/637/637 638/638/638 639/639/639 640/640/640
usemtl texture_0
v 0.28437500 0.34375000 0.19250000
vt 0.52929688 0.00195312
vn 0.00000000 1.00000000 0.00000000
v 0.28437500 0.34375000 0.20062500
vt 0.52929688 0.00390625
vn 0.00000000 1.00000000 0.00000000
v 0.34062500 0.34375000 0.20062500
vt 0.53515625 0.00390625
vn 0.00000000 1.00000000 0.00000000
v 0.34062500 0.34375000 0.19250000
vt 0.53515625 0.00195312
vn 0.00000000 1.00000000 0.00000000
f 641/641/641 642/642/642 643/643/643 644/644/644
usemtl texture_0
v 0.28437500 0.31250000 0.20062500
vt 0.52929688 0.00195312
vn 0.00000000 -1.00000000 0.00000000
v 0.28437500 0.31250000 0.19250000
vt 0.52929688 0.00390625
vn 0.00000000 -1.00000000 0.00000000
v 0.34062500 0.31250000 0.19250000
vt 0.53515625 0.00390625
vn 0.00000000 -1.00000000 0.00000000
v 0.34062500 0.31250000 0.20062500
vt 0.53515625 0.00195312
vn 0.00000000 -1.00000000 0.00000000
f 645/645/645 646/646/646 647/647/647 648/648/648
usemtl texture_0
v 0.28437500 0.33437500 0.19250000
vt 0.53906250 0.00195312
vn 0.00000000 -0.00000000 -1.00000000
v 0.28437500 0.32187500 0.19250000
vt 0.53906250 0.00390625
vn 0.00000000 -0.00000000 -1.00000000
v 0.27500000 0.32187500 0.19250000
vt 0.54101562 0.00390625
vn 0.00000000 -0.00000000 -1.00000000
v 0.27500000 0.33437500 0.19250000
vt 0.54101562 0.00195312
vn 0.00000000 -0.00000000 -1.00000000
f 649/649/649 650/650/650 651/651/651 652/652/652
usemtl texture_0
v 0.27500000 0.33437500 0.20062500
vt 0.53906250 0.00195312
vn 0.00000000 0.00000000 1.00000000
v 0.27500000 0.32187500 0.20062500
vt 0.53906250 0.00390625
vn 0.00000000 0.00000000 1.00000000
v 0.28437500 0.32187500 0.20062500
vt 0.54101562 0.00390625
vn 0.00000000 0.00000000 1.00000000
v 0.28437500 0.33437500 0.20062500
vt 0.54101562 0.00195312
vn 0.00000000 0.00000000 1.00000000
f 653/653/653 654/654/654 655/655/655 656/656/656
usemtl texture_0
v 0.28437500 0.33437500 0.20062500
vt 0.53906250 0.00195312
vn 1.00000000 0.00000000 0.00000000
v 0.28437500 0.32187500 0.20062500
vt 0.53906250 0.00390625
vn 1.00000000 0.00000000 0.00000000
v 0.28437500 0.32187500 0.19250000
vt 0.54101562 0.00390625
vn 1.00000000 0.00000000 0.00000000
v 0.28437500 0.33437500 0.19250000
vt 0.54101562 0.00195312
vn 1.00000000 0.00000000 0.00000000
f 657/657/657 658/658/658 659/659/659 660/660/660
usemtl texture_0
v 0.27500000 0.33437500 0.19250000
vt 0.53906250 0.00195312
vn -1.00000000 0.00000000 0.00000000
v 0.27500000 0.32187500 0.19250000
vt 0.53906250 0.00390625
vn -1.00000000 0.00000000 0.00000000
v 0.27500000 0.32187500 0.20062500
vt 0.54101562 0.00390625
vn -1.00000000 0.00000000 0.00000000
v 0.27500000 0.33437500 0.20062500
vt 0.54101562 0.00195312
vn -1.00000000 0.00000000 0.00000000
f 661/661/661 662/662/662 663/663/663 664/664/664
usemtl texture_0
v 0.27500000 0.33437500 0.19250000
vt 0.54492188 0.00195312
vn 0.00000000 1.00000000 0.00000000
v 0.27500000 0.33437500 0.20062500
vt 0.54492188 0.00390625
vn 0.00000000 1.00000000 0.00000000
v 0.28437500 0.33437500 0.20062500
vt 0.54687500 0.00390625
vn 0.00000000 1.00000000 0.00000000
v 0.28437500 0.33437500 0.19250000
vt 0.54687500 0.00195312
vn 0.00000000 1.00000000 0.00000000
f 665/665/665 666/666/666 667/667/667 668/668/668
usemtl texture_0
v 0.27500000 0.32187500 0.20062500
vt 0.54492188 0.00195312
vn 0.00000000 -1.00000000 0.00000000
v 0.27500000 0.32187500 0.19250000
vt 0.54492188 0.00390625
vn 0.00000000 -1.00000000 0.00000000
v 0.28437500 0.32187500 0.19250000
vt 0.54687500 0.00390625
vn 0.00000000 -1.00000000 0.00000000
v 0.28437500 0.32187500 0.20062500
vt 0.54687500 0.00195312
vn 0.00000000 -1.00000000 0.00000000
f 669/669/669 670/670/670 671/671/671 672/672/672
usemtl texture_0
v 0.35000000 0.33437500 0.19250000
vt 0.53906250 0.00195312
vn 0.00000000 -0.00000000 -1.00000000
v 0.35000000 0.32187500 0.19250000
vt 0.53906250 0.00390625
vn 0.00000000 -0.00000000 -1.00000000
v 0.34062500 0.32187500 0.19250000
vt 0.54101562 0.00390625
vn 0.00000000 -0.00000000 -1.00000000
v 0.34062500 0.33437500 0.19250000
vt 0.54101562 0.00195312
vn 0.00000000 -0.00000000 -1.00000000
f 673/673/673 674/674/674 675/675/675 676/676/676
usemtl texture_0
v 0.34062500 0.33437500 0.20062500
vt 0.53906250 0.00195312
vn 0.00000000 0.00000000 1.00000000
v 0.34062500 0.32187500 0.20062500
vt 0.53906250 0.00390625
vn 0.00000000 0.00000000 1.00000000
v 0.35000000 0.32187500 0.20062500
vt 0.54101562 0.00390625
vn 0.00000000 0.00000000 1.00000000
v 0.35000000 0.33437500 0.20062500
vt 0.54101562 0.00195312
vn 0.00000000 0.00000000 1.00000000
f 677/677/677 678/678/678 679/679/679 680/680/680
usemtl texture_0
v 0.35000000 0.33437500 0.20062500
vt 0.53906250 0.00195312
vn 1.00000000 0.00000000 0.00000000
v 0.35000000 0.32187500 0.20062500
vt 0.53906250 0.00390625
vn 1.00000000 0.00000000 0.00000000
v 0.35000000 0.32187500 0.19250000
vt 0.54101562 0.00390625
vn 1.00000000 0.00000000 0.00000000
v 0.35000000 0.33437500 0.19250000
vt 0.54101562 0.00195312
vn 1.00000000 0.00000000 0.00000000
f 681/681/681 682/682/682 683/683/683 684/684/684
usemtl texture_0
v 0.34062500 0.33437500 0.19250000
vt 0.53906250 0.00195312
vn -1.00000000 0.00000000 0.00000000
v 0.34062500 0.32187500 0.19250000
vt 0.53906250 0.00390625
vn -1.00000000 0.00000000 0.00000000
v 0.34062500 0.32187500 0.20062500
vt 0.54101562 0.00390625
vn -1.00000000 0.00000000 0.00000000
v 0.34062500 0.33437500 0.20062500
vt 0.54101562 0.00195312
vn -1.00000000 0.00000000 0.00000000
f 685/685/685 686/686/686 687/687/687 688/688/688
usemtl texture_0
v 0.34062500 0.33437500 0.19250000
vt 0.54492188 0.00195312
vn 0.00000000 1.00000000 0.00000000
v 0.34062500 0.33437500 0.20062500
vt 0.54492188 0.00390625
vn 0.00000000 1.00000000 0.00000000
v 0.35000000 0.33437500 0.20062500
vt 0.54687500 0.00390625
vn 0.00000000 1.00000000 0.00000000
v 0.35000000 0.33437500 0.19250000
vt 0.54687500 0.00195312
vn 0.00000000 1.00000000 0.00000000
f 689/689/689 690/690/690 691/691/691 692/692/692
usemtl texture_0
v 0.34062500 0.32187500 0.20062500
vt 0.54492188 0.00195312
vn 0.00000000 -1.00000000 0.00000000
v 0.34062500 0.32187500 0.19250000
vt 0.54492188 0.00390625
vn 0.00000000 -1.00000000 0.00000000
v 0.35000000 0.32187500 0.19250000
vt 0.54687500 0.00390625
vn 0.00000000 -1.00000000 0.00000000
v 0.35000000 0.32187500 0.20062500
vt 0.54687500 0.00195312
vn 0.00000000 -1.00000000 0.00000000
f 693/693/693 694/694/694 695/695/695 696/696/696
usemtl texture_0
v 0.71562500 0.34375000 0.19250000
vt 0.51367188 0.00195312
vn 0.00000000 -0.00000000 -1.00000000
v 0.71562500 0.31250000 0.19250000
vt 0.51367188 0.00585938
vn 0.00000000 -0.00000000 -1.00000000
v 0.65937500 0.31250000 0.19250000
vt 0.51953125 0.00585938
vn 0.00000000 -0.00000000 -1.00000000
v 0.65937500 0.34375000 0.19250000
vt 0.51953125 0.00195312
vn 0.00000000 -0.00000000 -1.00000000
f 697/697/697 698/698/698 699/699/699 700/700/700
usemtl texture_0
v 0.65937500 0.34375000 0.20062500
vt 0.51367188 0.00195312
vn 0.00000000 0.00000000 1.00000000
v 0.65937500 0.31250000 0.20062500
vt 0.51367188 0.00585938
vn 0.00000000 0.00000000 1.00000000
v 0.71562500 0.31250000 0.20062500
vt 0.51953125 0.00585938
vn 0.00000000 0.00000000 1.00000000
v 0.71562500 0.34375000 0.20062500
vt 0.51953125 0.00195312
vn 0.00000000 0.00000000 1.00000000
f 701/701/701 702/702/702 703/703/703 704/704/704
usemtl texture_0
v 0.71562500 0.34375000 0.20062500
vt 0.52343750 0.00195312
vn 1.00000000 0.00000000 0.00000000
v 0.71562500 0.31250000 0.20062500
vt 0.52343750 0.00585938
vn 1.00000000 0.00000000 0.00000000
v 0.71562500 0.31250000 0.19250000
vt 0.52539062 0.00585938
vn 1.00000000 0.00000000 0.00000000
v 0.71562500 0.34375000 0.19250000
vt 0.52539062 0.00195312
vn 1.00000000 0.00000000 0.00000000
f 705/705/705 706/706/706 707/707/707 708/708/708
usemtl texture_0
v 0.65937500 0.34375000 0.19250000
vt 0.52343750 0.00195312
vn -1.00000000 0.00000000 0.00000000
v 0.65937500 0.31250000 0.19250000
vt 0.52343750 0.00585938
vn -1.00000000 0.00000000 0.00000000
v 0.65937500 0.31250000 0.20062500
vt 0.52539062 0.00585938
vn -1.00000000 0.00000000 0.00000000
v 0.65937500 0.34375000 0.20062500
vt 0.52539062 0.00195312
vn -1.00000000 0.00000000 0.00000000
f 709/709/709 710/710/710 711/711/711 712/712/712
usemtl texture_0
v 0.65937500 0.34375000 0.19250000
vt 0.52929688 0.00195312
vn 0.00000000 1.00000000 0.00000000
v 0.65937500 0.34375000 0.20062500
vt 0.52929688 0.00390625
vn 0.00000000 1.00000000 0.00000000
v 0.71562500 0.34375000 0.20062500
vt 0.53515625 0.00390625
vn 0.00000000 1.00000000 0.00000000
v 0.71562500 0.34375000 0.19250000
vt 0.53515625 0.00195312
vn 0.00000000 1.00000000 0.00000000
f 713/713/713 714/714/714 715/715/715 716/716/716
usemtl texture_0
v 0.65937500 0.31250000 0.20062500
vt 0.52929688 0.00195312
vn 0.00000000 -1.00000000 0.00000000
v 0.65937500 0.31250000 0.19250000
vt 0.52929688 0.00390625
vn 0.00000000 -1.00000000 0.00000000
v 0.71562500 0.31250000 0.19250000
vt 0.53515625 0.00390625
vn 0.00000000 -1.00000000 0.00000000
v 0.71562500 0.31250000 0.20062500
vt 0.53515625 0.00195312
vn 0.00000000 -1.00000000 0.00000000
f 717/717/717 718/718/718 719/719/719 720/720/720
usemtl texture_0
v 0.65937500 0.33437500 0.19250000
vt 0.53906250 0.00195312
vn 0.00000000 -0.00000000 -1.00000000
v 0.65937500 0.32187500 0.19250000
vt 0.53906250 0.00390625
vn 0.00000000 -0.00000000 -1.00000000
v 0.65000000 0.32187500 0.19250000
vt 0.54101562 0.00390625
vn 0.00000000 -0.00000000 -1.00000000
v 0.65000000 0.33437500 0.19250000
vt 0.54101562 0.00195312
vn 0.00000000 -0.00000000 -1.00000000
f 721/721/721 722/722/722 723/723/723 724/724/724
usemtl texture_0
v 0.65000000 0.33437500 0.20062500
vt 0.53906250 0.00195312
vn 0.00000000 0.00000000 1.00000000
v 0.65000000 0.32187500 0.20062500
vt 0.53906250 0.00390625
vn 0.00000000 0.00000000 1.00000000
v 0.65937500 0.32187500 0.20062500
vt 0.54101562 0.00390625
vn 0.00000000 0.00000000 1.00000000
v 0.65937500 0.33437500 0.20062500
vt 0.54101562 0.00195312
vn 0.00000000 0.00000000 1.00000000
f 725/725/725 726/726/726 727/727/727 728/728/728
usemtl texture_0
v 0.65937500 0.33437500 0.20062500
vt 0.53906250 0.00195312
vn 1.00000000 0.00000000 0.00000000
v 0.65937500 0.32187500 0.20062500
vt 0.53906250 0.00390625
vn 1.00000000 0.00000000 0.00000000
v 0.65937500 0.32187500 0.19250000
vt 0.54101562 0.00390625
vn 1.00000000 0.00000000 0.00000000
v 0.65937500 0.33437500 0.19250000
vt 0.54101562 0.00195312
vn 1.00000000 0.00000000 0.00000000
f 729/729/729 730/730/730 731/731/731 732/732/732
usemtl texture_0
v 0.65000000 0.33437500 0.19250000
vt 0.53906250 0.00195312
vn -1.00000000 0.00000000 0.00000000
v 0.65000000 0.32187500 0.19250000
vt 0.53906250 0.00390625
vn -1.00000000 0.00000000 0.00000000
v 0.65000000 0.32187500 0.20062500
vt 0.54101562 0.00390625
vn -1.00000000 0.00000000 0.00000000
v 0.65000000 0.33437500 0.20062500
vt 0.54101562 0.00195312
vn -1.00000000 0.00000000 0.00000000
f 733/733/733 734/734/734 735/735/735 736/736/736
usemtl texture_0
v 0.65000000 0.33437500 0.19250000
vt 0.54492188 0.00195312
vn 0.00000000 1.00000000 0.00000000
v 0.65000000 0.33437500 0.20062500
vt 0.54492188 0.00390625
vn 0.00000000 1.00000000 0.00000000
v 0.65937500 0.33437500 0.20062500
vt 0.54687500 0.00390625
vn 0.00000000 1.00000000 0.00000000
v 0.65937500 0.33437500 0.19250000
vt 0.54687500 0.00195312
vn 0.00000000 1.00000000 0.00000000
f 737/737/737 738/738/738 739/739/739 740/740/740
usemtl texture_0
v 0.65000000 0.32187500 0.20062500
vt 0.54492188 0.00195312
vn 0.00000000 -1.00000000 0.00000000
v 0.65000000 0.32187500 0.19250000
vt 0.54492188 0.00390625
vn 0.00000000 -1.00000000 0.00000000
v 0.65937500 0.32187500 0.19250000
vt 0.54687500 0.00390625
vn 0.00000000 -1.00000000 0.00000000
v 0.65937500 0.32187500 0.20062500
vt 0.54687500 0.00195312
vn 0.00000000 -1.00000000 0.00000000
f 741/741/741 742/742/742 743/743/743 744/744/744
usemtl texture_0
v 0.72500000 0.33437500 0.19250000
vt 0.53906250 0.00195312
vn 0.00000000 -0.00000000 -1.00000000
v 0.72500000 0.32187500 0.19250000
vt 0.53906250 0.00390625
vn 0.00000000 -0.00000000 -1.00000000
v 0.71562500 0.32187500 0.19250000
vt 0.54101562 0.00390625
vn 0.00000000 -0.00000000 -1.00000000
v 0.71562500 0.33437500 0.19250000
vt 0.54101562 0.00195312
vn 0.00000000 -0.00000000 -1.00000000
f 745/745/745 746/746/746 747/747/747 748/748/748
usemtl texture_0
v 0.71562500 0.33437500 0.20062500
vt 0.53906250 0.00195312
vn 0.00000000 0.00000000 1.00000000
v 0.71562500 0.32187500 0.20062500
vt 0.53906250 0.00390625
vn 0.00000000 0.00000000 1.00000000
v 0.72500000 0.32187500 0.20062500
vt 0.54101562 0.00390625
vn 0.00000000 0.00000000 1.00000000
v 0.72500000 0.33437500 0.20062500
vt 0.54101562 0.00195312
vn 0.00000000 0.00000000 1.00000000
f 749/749/749 750/750/750 751/751/751 752/752/752
usemtl texture_0
v 0.72500000 0.33437500 0.20062500
vt 0.53906250 0.00195312
vn 1.00000000 0.00000000 0.00000000
v 0.72500000 0.32187500 0.20062500
vt 0.53906250 0.00390625
vn 1.00000000 0.00000000 0.00000000
v 0.72500000 0.32187500 0.19250000
vt 0.54101562 0.00390625
vn 1.00000000 0.00000000 0.00000000
v 0.72500000 0.33437500 0.19250000
vt 0.54101562 0.00195312
vn 1.00000000 0.00000000 0.00000000
f 753/753/753 754/754/754 755/755/755 756/756/756
usemtl texture_0
v 0.71562500 0.33437500 0.19250000
vt 0.53906250 0.00195312
vn -1.00000000 0.00000000 0.00000000
v 0.71562500 0.32187500 0.19250000
vt 0.53906250 0.00390625
vn -1.00000000 0.00000000 0.00000000
v 0.71562500 0.32187500 0.20062500
vt 0.54101562 0.00390625
vn -1.00000000 0.00000000 0.00000000
v 0.71562500 0.33437500 0.20062500
vt 0.54101562 0.00195312
vn -1.00000000 0.00000000 0.00000000
f 757/757/757 758/758/758 759/759/759 760/760/760
usemtl texture_0
v 0.71562500 0.33437500 0.19250000
vt 0.54492188 0.00195312
vn 0.00000000 1.00000000 0.00000000
v 0.71562500 0.33437500 0.20062500
vt 0.54492188 0.00390625
vn 0.00000000 1.00000000 0.00000000
v 0.72500000 0.33437500 0.20062500
vt 0.54687500 0.00390625
vn 0.00000000 1.00000000 0.00000000
v 0.72500000 0.33437500 0.19250000
vt 0.54687500 0.00195312
vn 0.00000000 1.00000000 0.00000000
f 761/761/761 762/762/762 763/763/763 764/764/764
usemtl texture_0
v 0.71562500 0.32187500 0.20062500
vt 0.54492188 0.00195312
vn 0.00000000 -1.00000000 0.00000000
v 0.71562500 0.32187500 0.19250000
vt 0.54492188 0.00390625
vn 0.00000000 -1.00000000 0.00000000
v 0.72500000 0.32187500 0.19250000
vt 0.54687500 0.00390625
vn 0.00000000 -1.00000000 0.00000000
v 0.72500000 0.32187500 0.20062500
vt 0.54687500 0.00195312
vn 0.00000000 -1.00000000 0.00000000
f 765/765/765 766/766/766 767/767/767 768/768/768
usemtl texture_0
v 0.51687500 0.30375000 0.19062500
vt 0.55078125 0.00195312
vn 0.00000000 -0.00000000 -1.00000000
v 0.51687500 0.29375000 0.19062500
vt 0.55078125 0.00390625
vn 0.00000000 -0.00000000 -1.00000000
v 0.48312500 0.29375000 0.19062500
vt 0.55468750 0.00390625
vn 0.00000000 -0.00000000 -1.00000000
v 0.48312500 0.30375000 0.19062500
vt 0.55468750 0.00195312
vn 0.00000000 -0.00000000 -1.00000000
f 769/769/769 770/770/770 771/771/771 772/772/772
usemtl texture_0
v 0.48312500 0.30375000 0.19812500
vt 0.55078125 0.00195312
vn 0.00000000 0.00000000 1.00000000
v 0.48312500 0.29375000 0.19812500
vt 0.55078125 0.00390625
vn 0.00000000 0.00000000 1.00000000
v 0.51687500 0.29375000 0.19812500
vt 0.55468750 0.00390625
vn 0.00000000 0.00000000 1.00000000
v 0.51687500 0.30375000 0.19812500
vt 0.55468750 0.00195312
vn 0.00000000 0.00000000 1.00000000
f 773/773/773 774/774/774 775/775/775 776/776/776
usemtl texture_0
v 0.51687500 0.30375000 0.19812500
vt 0.55859375 0.00195312
vn 1.00000000 0.00000000 0.00000000
v 0.51687500 0.29375000 0.19812500
vt 0.55859375 0.00390625
vn 1.00000000 0.00000000 0.00000000
v 0.51687500 0.29375000 0.19062500
vt 0.56054688 0.00390625
vn 1.00000000 0.00000000 0.00000000
v 0.51687500 0.30375000 0.19062500
vt 0.56054688 0.00195312
vn 1.00000000 0.00000000 0.00000000
f 777/777/777 778/778/778 779/779/779 780/780/780
usemtl texture_0
v 0.48312500 0.30375000 0.19062500
vt 0.55859375 0.00195312
vn -1.00000000 0.00000000 0.00000000
v 0.48312500 0.29375000 0.19062500
vt 0.55859375 0.00390625
vn -1.00000000 0.00000000 0.00000000
v 0.48312500 0.29375000 0.19812500
vt 0.56054688 0.00390625
vn -1.00000000 0.00000000 0.00000000
v 0.48312500 0.30375000 0.19812500
vt 0.56054688 0.00195312
vn -1.00000000 0.00000000 0.00000000
f 781/781/781 782/782/782 783/783/783 784/784/784
usemtl texture_0
v 0.48312500 0.30375000 0.19062500
vt 0.47070312 0.00195312
vn 0.00000000 1.00000000 0.00000000
v 0.48312500 0.30375000 0.19812500
vt 0.47070312 0.00390625
vn 0.00000000 1.00000000 0.00000000
v 0.51687500 0.30375000 0.19812500
vt 0.47460938 0.00390625
vn 0.00000000 1.00000000 0.00000000
v 0.51687500 0.30375000 0.19062500
vt 0.47460938 0.00195312
vn 0.00000000 1.00000000 0.00000000
f 785/785/785 786/786/786 787/787/787 788/788/788
usemtl texture_0
v 0.48312500 0.29375000 0.19812500
vt 0.47070312 0.00195312
vn 0.00000000 -1.00000000 0.00000000
v 0.48312500 0.29375000 0.19062500
vt 0.47070312 0.00390625
vn 0.00000000 -1.00000000 0.00000000
v 0.51687500 0.29375000 0.19062500
vt 0.47460938 0.00390625
vn 0.00000000 -1.00000000 0.00000000
v 0.51687500 0.29375000 0.19812500
vt 0.47460938 0.00195312
vn 0.00000000 -1.00000000 0.00000000
f 789/789/789 790/790/790 791/791/791 792/792/792
usemtl texture_0
v 0.48312500 0.31500000 0.19062500
vt 0.55859375 0.00195312
vn 0.00000000 -0.00000000 -1.00000000
v 0.48312500 0.30250000 0.19062500
vt 0.55859375 0.00390625
vn 0.00000000 -0.00000000 -1.00000000
v 0.47250000 0.30250000 0.19062500
vt 0.56054688 0.00390625
vn 0.00000000 -0.00000000 -1.00000000
v 0.47250000 0.31500000 0.19062500
vt 0.56054688 0.00195312
vn 0.00000000 -0.00000000 -1.00000000
f 793/793/793 794/794/794 795/795/795 796/796/796
usemtl texture_0
v 0.47250000 0.31500000 0.19812500
vt 0.55859375 0.00195312
vn 0.00000000 0.00000000 1.00000000
v 0.47250000 0.30250000 0.19812500
vt 0.55859375 0.00390625
vn 0.00000000 0.00000000 1.00000000
v 0.48312500 0.30250000 0.19812500
vt 0.56054688 0.00390625
vn 0.00000000 0.00000000 1.00000000
v 0.48312500 0.31500000 0.19812500
vt 0.56054688 0.00195312
vn 0.00000000 0.00000000 1.00000000
f 797/797/797 798/798/798 799/799/799 800/800/800
usemtl texture_0
v 0.48312500 0.31500000 0.19812500
vt 0.55859375 0.00195312
vn 1.00000000 0.00000000 0.00000000
v 0.48312500 0.30250000 0.19812500
vt 0.55859375 0.00390625
vn 1.00000000 0.00000000 0.00000000
v 0.48312500 0.30250000 0.19062500
vt 0.56054688 0.00390625
vn 1.00000000 0.00000000 0.00000000
v 0.48312500 0.31500000 0.19062500
vt 0.56054688 0.00195312
vn 1.00000000 0.00000000 0.00000000
f 801/801/801 802/802/802 803/803/803 804/804/804
usemtl texture_0
v 0.47250000 0.31500000 0.19062500
vt 0.55859375 0.00195312
vn -1.00000000 0.00000000 0.00000000
v 0.47250000 0.30250000 0.19062500
vt 0.55859375 0.00390625
vn -1.00000000 0.00000000 0.00000000
v 0.47250000 0.30250000 0.19812500
vt 0.56054688 0.00390625
vn -1.00000000 0.00000000 0.00000000
v 0.47250000 0.31500000 0.19812500
vt 0.56054688 0.00195312
vn -1.00000000 0.00000000 0.00000000
f 805/805/805 806/806/806 807/807/807 808/808/808
usemtl texture_0
v 0.47250000 0.31500000 0.19062500
vt 0.48437500 0.00195312
vn 0.00000000 1.00000000 0.00000000
v 0.47250000 0.31500000 0.19812500
vt 0.48437500 0.00390625
vn 0.00000000 1.00000000 0.00000000
v 0.48312500 0.31500000 0.19812500
vt 0.48632812 0.00390625
vn 0.00000000 1.00000000 0.00000000
v 0.48312500 0.31500000 0.19062500
vt 0.48632812 0.00195312
vn 0.00000000 1.00000000 0.00000000
f 809/809/809 810/810/810 811/811/811 812/812/812
usemtl texture_0
v 0.47250000 0.30250000 0.19812500
vt 0.48437500 0.00195312
vn 0.00000000 -1.00000000 0.00000000
v 0.47250000 0.30250000 0.19062500
vt 0.48437500 0.00390625
vn 0.00000000 -1.00000000 0.00000000
v 0.48312500 0.30250000 0.19062500
vt 0.48632812 0.00390625
vn 0.00000000 -1.00000000 0.00000000
v 0.48312500 0.30250000 0.19812500
vt 0.48632812 0.00195312
vn 0.00000000 -1.00000000 0.00000000
f 813/813/813 814/814/814 815/815/815 816/816/816
usemtl texture_0
v 0.52750000 0.31500000 0.19062500
vt 0.55859375 0.00195312
vn 0.00000000 -0.00000000 -1.00000000
v 0.52750000 0.30250000 0.19062500
vt 0.55859375 0.00390625
vn 0.00000000 -0.00000000 -1.00000000
v 0.51687500 0.30250000 0.19062500
vt 0.56054688 0.00390625
vn 0.00000000 -0.00000000 -1.00000000
v 0.51687500 0.31500000 0.19062500
vt 0.56054688 0.00195312
vn 0.00000000 -0.00000000 -1.00000000
f 817/817/817 818/818/818 819/819/819 820/820/820
usemtl texture_0
v 0.51687500 0.31500000 0.19812500
vt 0.55859375 0.00195312
vn 0.00000000 0.00000000 1.00000000
v 0.51687500 0.30250000 0.19812500
vt 0.55859375 0.00390625
vn 0.00000000 0.00000000 1.00000000
v 0.52750000 0.30250000 0.19812500
vt 0.56054688 0.00390625
vn 0.00000000 0.00000000 1.00000000
v 0.52750000 0.31500000 0.19812500
vt 0.56054688 0.00195312
vn 0.00000000 0.00000000 1.00000000
f 821/821/821 822/822/822 823/823/823 824/824/824
usemtl texture_0
v 0.52750000 0.31500000 0.19812500
vt 0.55859375 0.00195312
vn 1.00000000 0.00000000 0.00000000
v 0.52750000 0.30250000 0.19812500
vt 0.55859375 0.00390625
vn 1.00000000 0.00000000 0.00000000
v 0.52750000 0.30250000 0.19062500
vt 0.56054688 0.00390625
vn 1.00000000 0.00000000 0.00000000
v 0.52750000 0.31500000 0.19062500
vt 0.56054688 0.00195312
vn 1.00000000 0.00000000 0.00000000
f 825/825/825 826/826/826 827/827/827 828/828/828
usemtl texture_0
v 0.51687500 0.31500000 0.19062500
vt 0.55859375 0.00195312
vn -1.00000000 0.00000000 0.00000000
v 0.51687500 0.30250000 0.19062500
vt 0.55859375 0.00390625
vn -1.00000000 0.00000000 0.00000000
v 0.51687500 0.30250000 0.19812500
vt 0.56054688 0.00390625
vn -1.00000000 0.00000000 0.00000000
v 0.51687500 0.31500000 0.19812500
vt 0.56054688 0.00195312
vn -1.00000000 0.00000000 0.00000000
f 829/829/829 830/830/830 831/831/831 832/832/832
usemtl texture_0
v 0.51687500 0.31500000 0.19062500
vt 0.48437500 0.00195312
vn 0.00000000 1.00000000 0.00000000
v 0.51687500 0.31500000 0.19812500
vt 0.48437500 0.00390625
vn 0.00000000 1.00000000 0.00000000
v 0.52750000 0.31500000 0.19812500
vt 0.48632812 0.00390625
vn 0.00000000 1.00000000 0.00000000
v 0.52750000 0.31500000 0.19062500
vt 0.48632812 0.00195312
vn 0.00000000 1.00000000 0.00000000
f 833/833/833 834/834/834 835/835/835 836/836/836
usemtl texture_0
v 0.51687500 0.30250000 0.19812500
vt 0.48437500 0.00195312
vn 0.00000000 -1.00000000 0.00000000
v 0.51687500 0.30250000 0.19062500
vt 0.48437500 0.00390625
vn 0.00000000 -1.00000000 0.00000000
v 0.52750000 0.30250000 0.19062500
vt 0.48632812 0.00390625
vn 0.00000000 -1.00000000 0.00000000
v 0.52750000 0.30250000 0.19812500
vt 0.48632812 0.00195312
vn 0.00000000 -1.00000000 0.00000000
f 837/837/837 838/838/838 839/839/839 840/840/840
usemtl texture_0
v 0.47812500 0.67500000 0.43750000
vt 0.56445312 0.00195312
vn 0.00000000 -0.00000000 -1.00000000
v 0.47812500 0.60937500 0.43750000
vt 0.56445312 0.00781250
vn 0.00000000 -0.00000000 -1.00000000
v 0.43437500 0.60937500 0.43750000
vt 0.56835938 0.00781250
vn 0.00000000 -0.00000000 -1.00000000
v 0.43437500 0.67500000 0.43750000
vt 0.56835938 0.00195312
vn 0.00000000 -0.00000000 -1.00000000
f 841/841/841 842/842/842 843/843/843 844/844/844
usemtl texture_0
v 0.43437500 0.67500000 0.46125000
vt 0.56445312 0.00195312
vn 0.00000000 0.00000000 1.00000000
v 0.43437500 0.60937500 0.46125000
vt 0.56445312 0.00781250
vn 0.00000000 0.00000000 1.00000000
v 0.47812500 0.60937500 0.46125000
vt 0.56835938 0.00781250
vn 0.00000000 0.00000000 1.00000000
v 0.47812500 0.67500000 0.46125000
vt 0.56835938 0.00195312
vn 0.00000000 0.00000000 1.00000000
f 845/845/845 846/846/846 847/847/847 848/848/848
usemtl texture_0
v 0.47812500 0.67500000 0.46125000
vt 0.57226562 0.00195312
vn 1.00000000 0.00000000 0.00000000
v 0.47812500 0.60937500 0.46125000
vt 0.57226562 0.00781250
vn 1.00000000 0.00000000 0.00000000
v 0.47812500 0.60937500 0.43750000
vt 0.57421875 0.00781250
vn 1.00000000 0.00000000 0.00000000
v 0.47812500 0.67500000 0.43750000
vt 0.57421875 0.00195312
vn 1.00000000 0.00000000 0.00000000
f 849/849/849 850/850/850 851/851/851 852/852/852
usemtl texture_0
v 0.43437500 0.67500000 0.43750000
vt 0.57226562 0.00195312
vn -1.00000000 0.00000000 0.00000000
v 0.43437500 0.60937500 0.43750000
vt 0.57226562 0.00781250
vn -1.00000000 0.00000000 0.00000000
v 0.43437500 0.60937500 0.46125000
vt 0.57421875 0.00781250
vn -1.00000000 0.00000000 0.00000000
v 0.43437500 0.67500000 0.46125000
vt 0.57421875 0.00195312
vn -1.00000000 0.00000000 0.00000000
f 853/853/853 854/854/854 855/855/855 856/856/856
usemtl texture_0
v 0.43437500 0.67500000 0.43750000
vt 0.57812500 0.00195312
vn 0.00000000 1.00000000 0.00000000
v 0.43437500 0.67500000 0.46125000
vt 0.57812500 0.00390625
vn 0.00000000 1.00000000 0.00000000
v 0.47812500 0.67500000 0.46125000
vt 0.58203125 0.00390625
vn 0.00000000 1.00000000 0.00000000
v 0.47812500 0.67500000 0.43750000
vt 0.58203125 0.00195312
vn 0.00000000 1.00000000 0.00000000
f 857/857/857 858/858/858 859/859/859 860/860/860
usemtl texture_0
v 0.43437500 0.60937500 0.46125000
vt 0.57812500 0.00195312
vn 0.00000000 -1.00000000 0.00000000
v 0.43437500 0.60937500 0.43750000
vt 0.57812500 0.00390625
vn 0.00000000 -1.00000000 0.00000000
v 0.47812500 0.60937500 0.43750000
vt 0.58203125 0.00390625
vn 0.00000000 -1.00000000 0.00000000
v 0.47812500 0.60937500 0.46125000
vt 0.58203125 0.00195312
vn 0.00000000 -1.00000000 0.00000000
f 861/861/861 862/862/862 863/863/863 864/864/864
usemtl texture_0
v 0.43437500 0.66250000 0.43750000
vt 0.58593750 0.00195312
vn 0.00000000 -0.00000000 -1.00000000
v 0.43437500 0.62187500 0.43750000
vt 0.58593750 0.00585938
vn 0.00000000 -0.00000000 -1.00000000
v 0.42187500 0.62187500 0.43750000
vt 0.58789062 0.00585938
vn 0.00000000 -0.00000000 -1.00000000
v 0.42187500 0.66250000 0.43750000
vt 0.58789062 0.00195312
vn 0.00000000 -0.00000000 -1.00000000
f 865/865/865 866/866/866 867/867/867 868/868/868
usemtl texture_0
v 0.42187500 0.66250000 0.46125000
vt 0.58593750 0.00195312
vn 0.00000000 0.00000000 1.00000000
v 0.42187500 0.62187500 0.46125000
vt 0.58593750 0.00585938
vn 0.00000000 0.00000000 1.00000000
v 0.43437500 0.62187500 0.46125000
vt 0.58789062 0.00585938
vn 0.00000000 0.00000000 1.00000000
v 0.43437500 0.66250000 0.46125000
vt 0.58789062 0.00195312
vn 0.00000000 0.00000000 1.00000000
f 869/869/869 870/870/870 871/871/871 872/872/872
usemtl texture_0
v 0.43437500 0.66250000 0.46125000
vt 0.58593750 0.00195312
vn 1.00000000 0.00000000 0.00000000
v 0.43437500 0.62187500 0.46125000
vt 0.58593750 0.00585938
vn 1.00000000 0.00000000 0.00000000
v 0.43437500 0.62187500 0.43750000
vt 0.58789062 0.00585938
vn 1.00000000 0.00000000 0.00000000
v 0.43437500 0.66250000 0.43750000
vt 0.58789062 0.00195312
vn 1.00000000 0.00000000 0.00000000
f 873/873/873 874/874/874 875/875/875 876/876/876
usemtl texture_0
v 0.42187500 0.66250000 0.43750000
vt 0.58593750 0.00195312
vn -1.00000000 0.00000000 0.00000000
v 0.42187500 0.62187500 0.43750000
vt 0.58593750 0.00585938
vn -1.00000000 0.00000000 0.00000000
v 0.42187500 0.62187500 0.46125000
vt 0.58789062 0.00585938
vn -1.00000000 0.00000000 0.00000000
v 0.42187500 0.66250000 0.46125000
vt 0.58789062 0.00195312
vn -1.00000000 0.00000000 0.00000000
f 877/877/877 878/878/878 879/879/879 880/880/880
usemtl texture_0
v 0.42187500 0.66250000 0.43750000
vt 0.59179688 0.00195312
vn 0.00000000 1.00000000 0.00000000
v 0.42187500 0.66250000 0.46125000
vt 0.59179688 0.00390625
vn 0.00000000 1.00000000 0.00000000
v 0.43437500 0.66250000 0.46125000
vt 0.59375000 0.00390625
vn 0.00000000 1.00000000 0.00000000
v 0.43437500 0.66250000 0.43750000
vt 0.59375000 0.00195312
vn 0.00000000 1.00000000 0.00000000
f 881/881/881 882/882/882 883/883/883 884/884/884
usemtl texture_0
v 0.42187500 0.62187500 0.46125000
vt 0.59179688 0.00195312
vn 0.00000000 -1.00000000 0.00000000
v 0.42187500 0.62187500 0.43750000
vt 0.59179688 0.00390625
vn 0.00000000 -1.00000000 0.00000000
v 0.43437500 0.62187500 0.43750000
vt 0.59375000 0.00390625
vn 0.00000000 -1.00000000 0.00000000
v 0.43437500 0.62187500 0.46125000
vt 0.59375000 0.00195312
vn 0.00000000 -1.00000000 0.00000000
f 885/885/885 886/886/886 887/887/887 888/888/888
usemtl texture_0
v 0.49062500 0.66250000 0.43750000
vt 0.58593750 0.00195312
vn 0.00000000 -0.00000000 -1.00000000
v 0.49062500 0.62187500 0.43750000
vt 0.58593750 0.00585938
vn 0.00000000 -0.00000000 -1.00000000
v 0.47812500 0.62187500 0.43750000
vt 0.58789062 0.00585938
vn 0.00000000 -0.00000000 -1.00000000
v 0.47812500 0.66250000 0.43750000
vt 0.58789062 0.00195312
vn 0.00000000 -0.00000000 -1.00000000
f 889/889/889 890/890/890 891/891/891 892/892/892
usemtl texture_0
v 0.47812500 0.66250000 0.46125000
vt 0.58593750 0.00195312
vn 0.00000000 0.00000000 1.00000000
v 0.47812500 0.62187500 0.46125000
vt 0.58593750 0.00585938
vn 0.00000000 0.00000000 1.00000000
v 0.49062500 0.62187500 0.46125000
vt 0.58789062 0.00585938
vn 0.00000000 0.00000000 1.00000000
v 0.49062500 0.66250000 0.46125000
vt 0.58789062 0.00195312
vn 0.00000000 0.00000000 1.00000000
f 893/893/893 894/894/894 895/895/895 896/896/896
usemtl texture_0
v 0.49062500 0.66250000 0.46125000
vt 0.58593750 0.00195312
vn 1.00000000 0.00000000 0.00000000
v 0.49062500 0.62187500 0.46125000
vt 0.58593750 0.00585938
vn 1.00000000 0.00000000 0.00000000
v 0.49062500 0.62187500 0.43750000
vt 0.58789062 0.00585938
vn 1.00000000 0.00000000 0.00000000
v 0.49062500 0.66250000 0.43750000
vt 0.58789062 0.00195312
vn 1.00000000 0.00000000 0.00000000
f 897/897/897 898/898/898 899/899/899 900/900/900
usemtl texture_0
v 0.47812500 0.66250000 0.43750000
vt 0.58593750 0.00195312
vn -1.00000000 0.00000000 0.00000000
v 0.47812500 0.62187500 0.43750000
vt 0.58593750 0.00585938
vn -1.00000000 0.00000000 0.00000000
v 0.47812500 0.62187500 0.46125000
vt 0.58789062 0.00585938
vn -1.00000000 0.00000000 0.00000000
v 0.47812500 0.66250000 0.46125000
vt 0.58789062 0.00195312
vn -1.00000000 0.00000000 0.00000000
f 901/901/901 902/902/902 903/903/903 904/904/904
usemtl texture_0
v 0.47812500 0.66250000 0.43750000
vt 0.59179688 0.00195312
vn 0.00000000 1.00000000 0.00000000
v 0.47812500 0.66250000 0.46125000
vt 0.59179688 0.00390625
vn 0.00000000 1.00000000 0.00000000
v 0.49062500 0.66250000 0.46125000
vt 0.59375000 0.00390625
vn 0.00000000 1.00000000 0.00000000
v 0.49062500 0.66250000 0.43750000
vt 0.59375000 0.00195312
vn 0.00000000 1.00000000 0.00000000
f 905/905/905 906/906/906 907/907/907 908/908/908
usemtl texture_0
v 0.47812500 0.62187500 0.46125000
vt 0.59179688 0.00195312
vn 0.00000000 -1.00000000 0.00000000
v 0.47812500 0.62187500 0.43750000
vt 0.59179688 0.00390625
vn 0.00000000 -1.00000000 0.00000000
v 0.49062500 0.62187500 0.43750000
vt 0.59375000 0.00390625
vn 0.00000000 -1.00000000 0.00000000
v 0.49062500 0.62187500 0.46125000
vt 0.59375000 0.00195312
vn 0.00000000 -1.00000000 0.00000000
f 909/909/909 910/910/910 911/911/911 912/912/912
usemtl texture_0
v 0.56562500 0.67500000 0.43750000
vt 0.56445312 0.00195312
vn 0.00000000 -0.00000000 -1.00000000
v 0.56562500 0.60937500 0.43750000
vt 0.56445312 0.00781250
vn 0.00000000 -0.00000000 -1.00000000
v 0.52187500 0.60937500 0.43750000
vt 0.56835938 0.00781250
vn 0.00000000 -0.00000000 -1.00000000
v 0.52187500 0.67500000 0.43750000
vt 0.56835938 0.00195312
vn 0.00000000 -0.00000000 -1.00000000
f 913/913/913 914/914/914 915/915/915 916/916/916
usemtl texture_0
v 0.52187500 0.67500000 0.46125000
vt 0.56445312 0.00195312
vn 0.00000000 0.00000000 1.00000000
v 0.52187500 0.60937500 0.46125000
vt 0.56445312 0.00781250
vn 0.00000000 0.00000000 1.00000000
v 0.56562500 0.60937500 0.46125000
vt 0.56835938 0.00781250
vn 0.00000000 0.00000000 1.00000000
v 0.56562500 0.67500000 0.46125000
vt 0.56835938 0.00195312
vn 0.00000000 0.00000000 1.00000000
f 917/917/917 918/918/918 919/919/919 920/920/920
usemtl texture_0
v 0.56562500 0.67500000 0.46125000
vt 0.57226562 0.00195312
vn 1.00000000 0.00000000 0.00000000
v 0.56562500 0.60937500 0.46125000
vt 0.57226562 0.00781250
vn 1.00000000 0.00000000 0.00000000
v 0.56562500 0.60937500 0.43750000
vt 0.57421875 0.00781250
vn 1.00000000 0.00000000 0.00000000
v 0.56562500 0.67500000 0.43750000
vt 0.57421875 0.00195312
vn 1.00000000 0.00000000 0.00000000
f 921/921/921 922/922/922 923/923/923 924/924/924
usemtl texture_0
v 0.52187500 0.67500000 0.43750000
vt 0.57226562 0.00195312
vn -1.00000000 0.00000000 0.00000000
v 0.52187500 0.60937500 0.43750000
vt 0.57226562 0.00781250
vn -1.00000000 0.00000000 0.00000000
v 0.52187500 0.60937500 0.46125000
vt 0.57421875 0.00781250
vn -1.00000000 0.00000000 0.00000000
v 0.52187500 0.67500000 0.46125000
vt 0.57421875 0.00195312
vn -1.00000000 0.00000000 0.00000000
f 925/925/925 926/926/926 927/927/927 928/928/928
usemtl texture_0
v 0.52187500 0.67500000 0.43750000
vt 0.57812500 0.00195312
vn 0.00000000 1.00000000 0.00000000
v 0.52187500 0.67500000 0.46125000
vt 0.57812500 0.00390625
vn 0.00000000 1.00000000 0.00000000
v 0.56562500 0.67500000 0.46125000
vt 0.58203125 0.00390625
vn 0.00000000 1.00000000 0.00000000
v 0.56562500 0.67500000 0.43750000
vt 0.58203125 0.00195312
vn 0.00000000 1.00000000 0.00000000
f 929/929/929 930/930/930 931/931/931 932/932/932
usemtl texture_0
v 0.52187500 0.60937500 0.46125000
vt 0.57812500 0.00195312
vn 0.00000000 -1.00000000 0.00000000
v 0.52187500 0.60937500 0.43750000
vt 0.57812500 0.00390625
vn 0.00000000 -1.00000000 0.00000000
v 0.56562500 0.60937500 0.43750000
vt 0.58203125 0.00390625
vn 0.00000000 -1.00000000 0.00000000
v 0.56562500 0.60937500 0.46125000
vt 0.58203125 0.00195312
vn 0.00000000 -1.00000000 0.00000000
f 933/933/933 934/934/934 935/935/935 936/936/936
usemtl texture_0
v 0.52187500 0.66250000 0.43750000
vt 0.58593750 0.00195312
vn 0.00000000 -0.00000000 -1.00000000
v 0.52187500 0.62187500 0.43750000
vt 0.58593750 0.00585938
vn 0.00000000 -0.00000000 -1.00000000
v 0.50937500 0.62187500 0.43750000
vt 0.58789062 0.00585938
vn 0.00000000 -0.00000000 -1.00000000
v 0.50937500 0.66250000 0.43750000
vt 0.58789062 0.00195312
vn 0.00000000 -0.00000000 -1.00000000
f 937/937/937 938/938/938 939/939/939 940/940/940
usemtl texture_0
v 0.50937500 0.66250000 0.46125000
vt 0.58593750 0.00195312
vn 0.00000000 0.00000000 1.00000000
v 0.50937500 0.62187500 0.46125000
vt 0.58593750 0.00585938
vn 0.00000000 0.00000000 1.00000000
v 0.52187500 0.62187500 0.46125000
vt 0.58789062 0.00585938
vn 0.00000000 0.00000000 1.00000000
v 0.52187500 0.66250000 0.46125000
vt 0.58789062 0.00195312
vn 0.00000000 0.00000000 1.00000000
f 941/941/941 942/942/942 943/943/943 944/944/944
usemtl texture_0
v 0.52187500 0.66250000 0.46125000
vt 0.58593750 0.00195312
vn 1.00000000 0.00000000 0.00000000
v 0.52187500 0.62187500 0.46125000
vt 0.58593750 0.00585938
vn 1.00000000 0.00000000 0.00000000
v 0.52187500 0.62187500 0.43750000
vt 0.58789062 0.00585938
vn 1.00000000 0.00000000 0.00000000
v 0.52187500 0.66250000 0.43750000
vt 0.58789062 0.00195312
vn 1.00000000 0.00000000 0.00000000
f 945/945/945 946/946/946 947/947/947 948/948/948
usemtl texture_0
v 0.50937500 0.66250000 0.43750000
vt 0.58593750 0.00195312
vn -1.00000000 0.00000000 0.00000000
v 0.50937500 0.62187500 0.43750000
vt 0.58593750 0.00585938
vn -1.00000000 0.00000000 0.00000000
v 0.50937500 0.62187500 0.46125000
vt 0.58789062 0.00585938
vn -1.00000000 0.00000000 0.00000000
v 0.50937500 0.66250000 0.46125000
vt 0.58789062 0.00195312
vn -1.00000000 0.00000000 0.00000000
f 949/949/949 950/950/950 951/951/951 952/952/952
usemtl texture_0
v 0.50937500 0.66250000 0.43750000
vt 0.59179688 0.00195312
vn 0.00000000 1.00000000 0.00000000
v 0.50937500 0.66250000 0.46125000
vt 0.59179688 0.00390625
vn 0.00000000 1.00000000 0.00000000
v 0.52187500 0.66250000 0.46125000
vt 0.59375000 0.00390625
vn 0.00000000 1.00000000 0.00000000
v 0.52187500 0.66250000 0.43750000
vt 0.59375000 0.00195312
vn 0.00000000 1.00000000 0.00000000
f 953/953/953 954/954/954 955/955/955 956/956/956
usemtl texture_0
v 0.50937500 0.62187500 0.46125000
vt 0.59179688 0.00195312
vn 0.00000000 -1.00000000 0.00000000
v 0.50937500 0.62187500 0.43750000
vt 0.59179688 0.00390625
vn 0.00000000 -1.00000000 0.00000000
v 0.52187500 0.62187500 0.43750000
vt 0.59375000 0.00390625
vn 0.00000000 -1.00000000 0.00000000
v 0.52187500 0.62187500 0.46125000
vt 0.59375000 0.00195312
vn 0.00000000 -1.00000000 0.00000000
f 957/957/957 958/958/958 959/959/959 960/960/960
usemtl texture_0
v 0.57812500 0.66250000 0.43750000
vt 0.58593750 0.00195312
vn 0.00000000 -0.00000000 -1.00000000
v 0.57812500 0.62187500 0.43750000
vt 0.58593750 0.00585938
vn 0.00000000 -0.00000000 -1.00000000
v 0.56562500 0.62187500 0.43750000
vt 0.58789062 0.00585938
vn 0.00000000 -0.00000000 -1.00000000
v 0.56562500 0.66250000 0.43750000
vt 0.58789062 0.00195312
vn 0.00000000 -0.00000000 -1.00000000
f 961/961/961 962/962/962 963/963/963 964/964/964
usemtl texture_0
v 0.56562500 0.66250000 0.46125000
vt 0.58593750 0.00195312
vn 0.00000000 0.00000000 1.00000000
v 0.56562500 0.62187500 0.46125000
vt 0.58593750 0.00585938
vn 0.00000000 0.00000000 1.00000000
v 0.57812500 0.62187500 0.46125000
vt 0.58789062 0.00585938
vn 0.00000000 0.00000000 1.00000000
v 0.57812500 0.66250000 0.46125000
vt 0.58789062 0.00195312
vn 0.00000000 0.00000000 1.00000000
f 965/965/965 966/966/966 967/967/967 968/968/968
usemtl texture_0
v 0.57812500 0.66250000 0.46125000
vt 0.58593750 0.00195312
vn 1.00000000 0.00000000 0.00000000
v 0.57812500 0.62187500 0.46125000
vt 0.58593750 0.00585938
vn 1.00000000 0.00000000 0.00000000
v 0.57812500 0.62187500 0.43750000
vt 0.58789062 0.00585938
vn 1.00000000 0.00000000 0.00000000
v 0.57812500 0.66250000 0.43750000
vt 0.58789062 0.00195312
vn 1.00000000 0.00000000 0.00000000
f 969/969/969 970/970/970 971/971/971 972/972/972
usemtl texture_0
v 0.56562500 0.66250000 0.43750000
vt 0.58593750 0.00195312
vn -1.00000000 0.00000000 0.00000000
v 0.56562500 0.62187500 0.43750000
vt 0.58593750 0.00585938
vn -1.00000000 0.00000000 0.00000000
v 0.56562500 0.62187500 0.46125000
vt 0.58789062 0.00585938
vn -1.00000000 0.00000000 0.00000000
v 0.56562500 0.66250000 0.46125000
vt 0.58789062 0.00195312
vn -1.00000000 0.00000000 0.00000000
f 973/973/973 974/974/974 975/975/975 976/976/976
usemtl texture_0
v 0.56562500 0.66250000 0.43750000
vt 0.59179688 0.00195312
vn 0.00000000 1.00000000 0.00000000
v 0.56562500 0.66250000 0.46125000
vt 0.59179688 0.00390625
vn 0.00000000 1.00000000 0.00000000
v 0.57812500 0.66250000 0.46125000
vt 0.59375000 0.00390625
vn 0.00000000 1.00000000 0.00000000
v 0.57812500 0.66250000 0.43750000
vt 0.59375000 0.00195312
vn 0.00000000 1.00000000 0.00000000
f 977/977/977 978/978/978 979/979/979 980/980/980
usemtl texture_0
v 0.56562500 0.62187500 0.46125000
vt 0.59179688 0.00195312
vn 0.00000000 -1.00000000 0.00000000
v 0.56562500 0.62187500 0.43750000
vt 0.59179688 0.00390625
vn 0.00000000 -1.00000000 0.00000000
v 0.57812500 0.62187500 0.43750000
vt 0.59375000 0.00390625
vn 0.00000000 -1.00000000 0.00000000
v 0.57812500 0.62187500 0.46125000
vt 0.59375000 0.00195312
vn 0.00000000 -1.00000000 0.00000000
f 981/981/981 982/982/982 983/983/983 984/984/984
usemtl texture_0
v 0.51562500 0.66375000 0.43125000
vt 0.59765625 0.00195312
vn 0.00000000 -0.00000000 -1.00000000
v 0.51562500 0.62625000 0.43125000
vt 0.59765625 0.00585938
vn 0.00000000 -0.00000000 -1.00000000
v 0.48437500 0.62625000 0.43125000
vt 0.60156250 0.00585938
vn 0.00000000 -0.00000000 -1.00000000
v 0.48437500 0.66375000 0.43125000
vt 0.60156250 0.00195312
vn 0.00000000 -0.00000000 -1.00000000
f 985/985/985 986/986/986 987/987/987 988/988/988
usemtl texture_0
v 0.48437500 0.66375000 0.46562500
vt 0.59765625 0.00195312
vn 0.00000000 0.00000000 1.00000000
v 0.48437500 0.62625000 0.46562500
vt 0.59765625 0.00585938
vn 0.00000000 0.00000000 1.00000000
v 0.51562500 0.62625000 0.46562500
vt 0.60156250 0.00585938
vn 0.00000000 0.00000000 1.00000000
v 0.51562500 0.66375000 0.46562500
vt 0.60156250 0.00195312
vn 0.00000000 0.00000000 1.00000000
f 989/989/989 990/990/990 991/991/991 992/992/992
usemtl texture_0
v 0.51562500 0.66375000 0.46562500
vt 0.59765625 0.00195312
vn 1.00000000 0.00000000 0.00000000
v 0.51562500 0.62625000 0.46562500
vt 0.59765625 0.00585938
vn 1.00000000 0.00000000 0.00000000
v 0.51562500 0.62625000 0.43125000
vt 0.60156250 0.00585938
vn 1.00000000 0.00000000 0.00000000
v 0.51562500 0.66375000 0.43125000
vt 0.60156250 0.00195312
vn 1.00000000 0.00000000 0.00000000
f 993/993/993 994/994/994 995/995/995 996/996/996
usemtl texture_0
v 0.48437500 0.66375000 0.43125000
vt 0.59765625 0.00195312
vn -1.00000000 0.00000000 0.00000000
v 0.48437500 0.62625000 0.43125000
vt 0.59765625 0.00585938
vn -1.00000000 0.00000000 0.00000000
v 0.48437500 0.62625000 0.46562500
vt 0.60156250 0.00585938
vn -1.00000000 0.00000000 0.00000000
v 0.48437500 0.66375000 0.46562500
vt 0.60156250 0.00195312
vn -1.00000000 0.00000000 0.00000000
f 997/997/997 998/998/998 999/999/999 1000/1000/1000
usemtl texture_0
v 0.48437500 0.66375000 0.43125000
vt 0.60546875 0.00195312
vn 0.00000000 1.00000000 0.00000000
v 0.48437500 0.66375000 0.46562500
vt 0.60546875 0.00585938
vn 0.00000000 1.00000000 0.00000000
v 0.51562500 0.66375000 0.46562500
vt 0.60937500 0.00585938
vn 0.00000000 1.00000000 0.00000000
v 0.51562500 0.66375000 0.43125000
vt 0.60937500 0.00195312
vn 0.00000000 1.00000000 0.00000000
f 1001/1001/1001 1002/1002/1002 1003/1003/1003 1004/1004/1004
usemtl texture_0
v 0.48437500 0.62625000 0.46562500
vt 0.60546875 0.00195312
vn 0.00000000 -1.00000000 0.00000000
v 0.48437500 0.62625000 0.43125000
vt 0.60546875 0.00585938
vn 0.00000000 -1.00000000 0.00000000
v 0.51562500 0.62625000 0.43125000
vt 0.60937500 0.00585938
vn 0.00000000 -1.00000000 0.00000000
v 0.51562500 0.62625000 0.46562500
vt 0.60937500 0.00195312
vn 0.00000000 -1.00000000 0.00000000
f 1005/1005/1005 1006/1006/1006 1007/1007/1007 1008/1008/1008
usemtl texture_0
v 0.48073980 0.62856546 0.44375000
vt 0.57226562 0.00195312
vn 0.00000000 0.00000000 -1.00000000
v 0.45682209 0.57082299 0.44375000
vt 0.57226562 0.00781250
vn 0.00000000 0.00000000 -1.00000000
v 0.43141540 0.58134678 0.44375000
vt 0.57421875 0.00781250
vn 0.00000000 0.00000000 -1.00000000
v 0.45533312 0.63908925 0.44375000
vt 0.57421875 0.00195312
vn 0.00000000 0.00000000 -1.00000000
f 1009/1009/1009 1010/1010/1010 1011/1011/1011 1012/1012/1012
usemtl texture_0
v 0.45533312 0.63908925 0.45625000
vt 0.57226562 0.00195312
vn 0.00000000 0.00000000 1.00000000
v 0.43141540 0.58134678 0.45625000
vt 0.57226562 0.00781250
vn 0.00000000 0.00000000 1.00000000
v 0.45682209 0.57082299 0.45625000
vt 0.57421875 0.00781250
vn 0.00000000 0.00000000 1.00000000
v 0.48073980 0.62856546 0.45625000
vt 0.57421875 0.00195312
vn 0.00000000 0.00000000 1.00000000
f 1013/1013/1013 1014/1014/1014 1015/1015/1015 1016/1016/1016
usemtl texture_0
v 0.48073980 0.62856546 0.45625000
vt 0.57226562 0.00195312
vn 0.92387953 -0.38268343 0.00000000
v 0.45682209 0.57082299 0.45625000
vt 0.57226562 0.00781250
vn 0.92387953 -0.38268343 0.00000000
v 0.45682209 0.57082299 0.44375000
vt 0.57421875 0.00781250
vn 0.92387953 -0.38268343 0.00000000
v 0.48073980 0.62856546 0.44375000
vt 0.57421875 0.00195312
vn 0.92387953 -0.38268343 0.00000000
f 1017/1017/1017 1018/1018/1018 1019/1019/1019 1020/1020/1020
usemtl texture_0
v 0.45533312 0.63908925 0.44375000
vt 0.57226562 0.00195312
vn -0.92387953 0.38268343 0.00000000
v 0.43141540 0.58134678 0.44375000
vt 0.57226562 0.00781250
vn -0.92387953 0.38268343 0.00000000
v 0.43141540 0.58134678 0.45625000
vt 0.57421875 0.00781250
vn -0.92387953 0.38268343 0.00000000
v 0.45533312 0.63908925 0.45625000
vt 0.57421875 0.00195312
vn -0.92387953 0.38268343 0.00000000
f 1021/1021/1021 1022/1022/1022 1023/1023/1023 1024/1024/1024
usemtl texture_0
v 0.45533312 0.63908925 0.44375000
vt 0.59179688 0.00195312
vn 0.38268343 0.92387953 -0.00000000
v 0.45533312 0.63908925 0.45625000
vt 0.59179688 0.00390625
vn 0.38268343 0.92387953 -0.00000000
v 0.48073980 0.62856546 0.45625000
vt 0.59375000 0.00390625
vn 0.38268343 0.92387953 -0.00000000
v 0.48073980 0.62856546 0.44375000
vt 0.59375000 0.00195312
vn 0.38268343 0.92387953 -0.00000000
f 1025/1025/1025 1026/1026/1026 1027/1027/1027 1028/1028/1028
usemtl texture_0
v 0.43141540 0.58134678 0.45625000
vt 0.59179688 0.00195312
vn -0.38268343 -0.92387953 -0.00000000
v 0.43141540 0.58134678 0.44375000
vt 0.59179688 0.00390625
vn -0.38268343 -0.92387953 -0.00000000
v 0.45682209 0.57082299 0.44375000
vt 0.59375000 0.00390625
vn -0.38268343 -0.92387953 -0.00000000
v 0.45682209 0.57082299 0.45625000
vt 0.59375000 0.00195312
vn -0.38268343 -0.92387953 -0.00000000
f 1029/1029/1029 1030/1030/1030 1031/1031/1031 1032/1032/1032
usemtl texture_0
v 0.54466688 0.63908925 0.44375000
vt 0.57226562 0.00195312
vn 0.00000000 -0.00000000 -1.00000000
v 0.56858460 0.58134678 0.44375000
vt 0.57226562 0.00781250
vn 0.00000000 -0.00000000 -1.00000000
v 0.54317791 0.57082299 0.44375000
vt 0.57421875 0.00781250
vn 0.00000000 -0.00000000 -1.00000000
v 0.51926020 0.62856546 0.44375000
vt 0.57421875 0.00195312
vn 0.00000000 -0.00000000 -1.00000000
f 1033/1033/1033 1034/1034/1034 1035/1035/1035 1036/1036/1036
usemtl texture_0
v 0.51926020 0.62856546 0.45625000
vt 0.57226562 0.00195312
vn 0.00000000 0.00000000 1.00000000
v 0.54317791 0.57082299 0.45625000
vt 0.57226562 0.00781250
vn 0.00000000 0.00000000 1.00000000
v 0.56858460 0.58134678 0.45625000
vt 0.57421875 0.00781250
vn 0.00000000 0.00000000 1.00000000
v 0.54466688 0.63908925 0.45625000
vt 0.57421875 0.00195312
vn 0.00000000 0.00000000 1.00000000
f 1037/1037/1037 1038/1038/1038 1039/1039/1039 1040/1040/1040
usemtl texture_0
v 0.54466688 0.63908925 0.45625000
vt 0.57226562 0.00195312
vn 0.92387953 0.38268343 0.00000000
v 0.56858460 0.58134678 0.45625000
vt 0.57226562 0.00781250
vn 0.92387953 0.38268343 0.00000000
v 0.56858460 0.58134678 0.44375000
vt 0.57421875 0.00781250
vn 0.92387953 0.38268343 0.00000000
v 0.54466688 0.63908925 0.44375000
vt 0.57421875 0.00195312
vn 0.92387953 0.38268343 0.00000000
f 1041/1041/1041 1042/1042/1042 1043/1043/1043 1044/1044/1044
usemtl texture_0
v 0.51926020 0.62856546 0.44375000
vt 0.57226562 0.00195312
vn -0.92387953 -0.38268343 0.00000000
v 0.54317791 0.57082299 0.44375000
vt 0.57226562 0.00781250
vn -0.92387953 -0.38268343 0.00000000
v 0.54317791 0.57082299 0.45625000
vt 0.57421875 0.00781250
vn -0.92387953 -0.38268343 0.00000000
v 0.51926020 0.62856546 0.45625000
vt 0.57421875 0.00195312
vn -0.92387953 -0.38268343 0.00000000
f 1045/1045/1045 1046/1046/1046 1047/1047/1047 1048/1048/1048
usemtl texture_0
v 0.51926020 0.62856546 0.44375000
vt 0.59179688 0.00195312
vn -0.38268343 0.92387953 0.00000000
v 0.51926020 0.62856546 0.45625000
vt 0.59179688 0.00390625
vn -0.38268343 0.92387953 0.00000000
v 0.54466688 0.63908925 0.45625000
vt 0.59375000 0.00390625
vn -0.38268343 0.92387953 0.00000000
v 0.54466688 0.63908925 0.44375000
vt 0.59375000 0.00195312
vn -0.38268343 0.92387953 0.00000000
f 1049/1049/1049 1050/1050/1050 1051/1051/1051 1052/1052/1052
usemtl texture_0
v 0.54317791 0.57082299 0.45625000
vt 0.59179688 0.00195312
vn 0.38268343 -0.92387953 0.00000000
v 0.54317791 0.57082299 0.44375000
vt 0.59179688 0.00390625
vn 0.38268343 -0.92387953 0.00000000
v 0.56858460 0.58134678 0.44375000
vt 0.59375000 0.00390625
vn 0.38268343 -0.92387953 0.00000000
v 0.56858460 0.58134678 0.45625000
vt 0.59375000 0.00195312
vn 0.38268343 -0.92387953 0.00000000
f 1053/1053/1053 1054/1054/1054 1055/1055/1055 1056/1056/1056
usemtl texture_0
v 0.75750000 0.49375000 0.19625000
vt 0.61328125 0.00195312
vn 0.00000000 -0.00000000 -1.00000000
v 0.75750000 0.46250000 0.19625000
vt 0.61328125 0.00585938
vn 0.00000000 -0.00000000 -1.00000000
v 0.68000000 0.46250000 0.19625000
vt 0.62109375 0.00585938
vn 0.00000000 -0.00000000 -1.00000000
v 0.68000000 0.49375000 0.19625000
vt 0.62109375 0.00195312
vn 0.00000000 -0.00000000 -1.00000000
f 1057/1057/1057 1058/1058/1058 1059/1059/1059 1060/1060/1060
usemtl texture_0
v 0.68000000 0.49375000 0.21125000
vt 0.61328125 0.00195312
vn 0.00000000 0.00000000 1.00000000
v 0.68000000 0.46250000 0.21125000
vt 0.61328125 0.00585938
vn 0.00000000 0.00000000 1.00000000
v 0.75750000 0.46250000 0.21125000
vt 0.62109375 0.00585938
vn 0.00000000 0.00000000 1.00000000
v 0.75750000 0.49375000 0.21125000
vt 0.62109375 0.00195312
vn 0.00000000 0.00000000 1.00000000
f 1061/1061/1061 1062/1062/1062 1063/1063/1063 1064/1064/1064
usemtl texture_0
v 0.75750000 0.49375000 0.21125000
vt 0.62500000 0.00195312
vn 1.00000000 0.00000000 0.00000000
v 0.75750000 0.46250000 0.21125000
vt 0.62500000 0.00585938
vn 1.00000000 0.00000000 0.00000000
v 0.75750000 0.46250000 0.19625000
vt 0.62695312 0.00585938
vn 1.00000000 0.00000000 0.00000000
v 0.75750000 0.49375000 0.19625000
vt 0.62695312 0.00195312
vn 1.00000000 0.00000000 0.00000000
f 1065/1065/1065 1066/1066/1066 1067/1067/1067 1068/1068/1068
usemtl texture_0
v 0.68000000 0.49375000 0.19625000
vt 0.62500000 0.00195312
vn -1.00000000 0.00000000 0.00000000
v 0.68000000 0.46250000 0.19625000
vt 0.62500000 0.00585938
vn -1.00000000 0.00000000 0.00000000
v 0.68000000 0.46250000 0.21125000
vt 0.62695312 0.00585938
vn -1.00000000 0.00000000 0.00000000
v 0.68000000 0.49375000 0.21125000
vt 0.62695312 0.00195312
vn -1.00000000 0.00000000 0.00000000
f 1069/1069/1069 1070/1070/1070 1071/1071/1071 1072/1072/1072
usemtl texture_0
v 0.68000000 0.49375000 0.19625000
vt 0.63085938 0.00195312
vn 0.00000000 1.00000000 0.00000000
v 0.68000000 0.49375000 0.21125000
vt 0.63085938 0.00390625
vn 0.00000000 1.00000000 0.00000000
v 0.75750000 0.49375000 0.21125000
vt 0.63867188 0.00390625
vn 0.00000000 1.00000000 0.00000000
v 0.75750000 0.49375000 0.19625000
vt 0.63867188 0.00195312
vn 0.00000000 1.00000000 0.00000000
f 1073/1073/1073 1074/1074/1074 1075/1075/1075 1076/1076/1076
usemtl texture_0
v 0.68000000 0.46250000 0.21125000
vt 0.63085938 0.00195312
vn 0.00000000 -1.00000000 0.00000000
v 0.68000000 0.46250000 0.19625000
vt 0.63085938 0.00390625
vn 0.00000000 -1.00000000 0.00000000
v 0.75750000 0.46250000 0.19625000
vt 0.63867188 0.00390625
vn 0.00000000 -1.00000000 0.00000000
v 0.75750000 0.46250000 0.21125000
vt 0.63867188 0.00195312
vn 0.00000000 -1.00000000 0.00000000
f 1077/1077/1077 1078/1078/1078 1079/1079/1079 1080/1080/1080
usemtl texture_0
v 0.71125000 0.51250000 0.19625000
vt 0.64257812 0.00195312
vn 0.00000000 -0.00000000 -1.00000000
v 0.71125000 0.49375000 0.19625000
vt 0.64257812 0.00390625
vn 0.00000000 -0.00000000 -1.00000000
v 0.68000000 0.49375000 0.19625000
vt 0.64648438 0.00390625
vn 0.00000000 -0.00000000 -1.00000000
v 0.68000000 0.51250000 0.19625000
vt 0.64648438 0.00195312
vn 0.00000000 -0.00000000 -1.00000000
f 1081/1081/1081 1082/1082/1082 1083/1083/1083 1084/1084/1084
usemtl texture_0
v 0.68000000 0.51250000 0.21125000
vt 0.64257812 0.00195312
vn 0.00000000 0.00000000 1.00000000
v 0.68000000 0.49375000 0.21125000
vt 0.64257812 0.00390625
vn 0.00000000 0.00000000 1.00000000
v 0.71125000 0.49375000 0.21125000
vt 0.64648438 0.00390625
vn 0.00000000 0.00000000 1.00000000
v 0.71125000 0.51250000 0.21125000
vt 0.64648438 0.00195312
vn 0.00000000 0.00000000 1.00000000
f 1085/1085/1085 1086/1086/1086 1087/1087/1087 1088/1088/1088
usemtl texture_0
v 0.71125000 0.51250000 0.21125000
vt 0.65039062 0.00195312
vn 1.00000000 0.00000000 0.00000000
v 0.71125000 0.49375000 0.21125000
vt 0.65039062 0.00390625
vn 1.00000000 0.00000000 0.00000000
v 0.71125000 0.49375000 0.19625000
vt 0.65234375 0.00390625
vn 1.00000000 0.00000000 0.00000000
v 0.71125000 0.51250000 0.19625000
vt 0.65234375 0.00195312
vn 1.00000000 0.00000000 0.00000000
f 1089/1089/1089 1090/1090/1090 1091/1091/1091 1092/1092/1092
usemtl texture_0
v 0.68000000 0.51250000 0.19625000
vt 0.65039062 0.00195312
vn -1.00000000 0.00000000 0.00000000
v 0.68000000 0.49375000 0.19625000
vt 0.65039062 0.00390625
vn -1.00000000 0.00000000 0.00000000
v 0.68000000 0.49375000 0.21125000
vt 0.65234375 0.00390625
vn -1.00000000 0.00000000 0.00000000
v 0.68000000 0.51250000 0.21125000
vt 0.65234375 0.00195312
vn -1.00000000 0.00000000 0.00000000
f 1093/1093/1093 1094/1094/1094 1095/1095/1095 1096/1096/1096
usemtl texture_0
v 0.68000000 0.51250000 0.19625000
vt 0.65625000 0.00195312
vn 0.00000000 1.00000000 0.00000000
v 0.68000000 0.51250000 0.21125000
vt 0.65625000 0.00390625
vn 0.00000000 1.00000000 0.00000000
v 0.71125000 0.51250000 0.21125000
vt 0.66015625 0.00390625
vn 0.00000000 1.00000000 0.00000000
v 0.71125000 0.51250000 0.19625000
vt 0.66015625 0.00195312
vn 0.00000000 1.00000000 0.00000000
f 1097/1097/1097 1098/1098/1098 1099/1099/1099 1100/1100/1100
usemtl texture_0
v 0.68000000 0.49375000 0.21125000
vt 0.65625000 0.00195312
vn 0.00000000 -1.00000000 0.00000000
v 0.68000000 0.49375000 0.19625000
vt 0.65625000 0.00390625
vn 0.00000000 -1.00000000 0.00000000
v 0.71125000 0.49375000 0.19625000
vt 0.66015625 0.00390625
vn 0.00000000 -1.00000000 0.00000000
v 0.71125000 0.49375000 0.21125000
vt 0.66015625 0.00195312
vn 0.00000000 -1.00000000 0.00000000
f 1101/1101/1101 1102/1102/1102 1103/1103/1103 1104/1104/1104
usemtl texture_0
v 0.75750000 0.51250000 0.19625000
vt 0.64257812 0.00195312
vn 0.00000000 -0.00000000 -1.00000000
v 0.75750000 0.49375000 0.19625000
vt 0.64257812 0.00390625
vn 0.00000000 -0.00000000 -1.00000000
v 0.72625000 0.49375000 0.19625000
vt 0.64648438 0.00390625
vn 0.00000000 -0.00000000 -1.00000000
v 0.72625000 0.51250000 0.19625000
vt 0.64648438 0.00195312
vn 0.00000000 -0.00000000 -1.00000000
f 1105/1105/1105 1106/1106/1106 1107/1107/1107 1108/1108/1108
usemtl texture_0
v 0.72625000 0.51250000 0.21125000
vt 0.64257812 0.00195312
vn 0.00000000 0.00000000 1.00000000
v 0.72625000 0.49375000 0.21125000
vt 0.64257812 0.00390625
vn 0.00000000 0.00000000 1.00000000
v 0.75750000 0.49375000 0.21125000
vt 0.64648438 0.00390625
vn 0.00000000 0.00000000 1.00000000
v 0.75750000 0.51250000 0.21125000
vt 0.64648438 0.00195312
vn 0.00000000 0.00000000 1.00000000
f 1109/1109/1109 1110/1110/1110 1111/1111/1111 1112/1112/1112
usemtl texture_0
v 0.75750000 0.51250000 0.21125000
vt 0.65039062 0.00195312
vn 1.00000000 0.00000000 0.00000000
v 0.75750000 0.49375000 0.21125000
vt 0.65039062 0.00390625
vn 1.00000000 0.00000000 0.00000000
v 0.75750000 0.49375000 0.19625000
vt 0.65234375 0.00390625
vn 1.00000000 0.00000000 0.00000000
v 0.75750000 0.51250000 0.19625000
vt 0.65234375 0.00195312
vn 1.00000000 0.00000000 0.00000000
f 1113/1113/1113 1114/1114/1114 1115/1115/1115 1116/1116/1116
usemtl texture_0
v 0.72625000 0.51250000 0.19625000
vt 0.65039062 0.00195312
vn -1.00000000 0.00000000 0.00000000
v 0.72625000 0.49375000 0.19625000
vt 0.65039062 0.00390625
vn -1.00000000 0.00000000 0.00000000
v 0.72625000 0.49375000 0.21125000
vt 0.65234375 0.00390625
vn -1.00000000 0.00000000 0.00000000
v 0.72625000 0.51250000 0.21125000
vt 0.65234375 0.00195312
vn -1.00000000 0.00000000 0.00000000
f 1117/1117/1117 1118/1118/1118 1119/1119/1119 1120/1120/1120
usemtl texture_0
v 0.72625000 0.51250000 0.19625000
vt 0.65625000 0.00195312
vn 0.00000000 1.00000000 0.00000000
v 0.72625000 0.51250000 0.21125000
vt 0.65625000 0.00390625
vn 0.00000000 1.00000000 0.00000000
v 0.75750000 0.51250000 0.21125000
vt 0.66015625 0.00390625
vn 0.00000000 1.00000000 0.00000000
v 0.75750000 0.51250000 0.19625000
vt 0.66015625 0.00195312
vn 0.00000000 1.00000000 0.00000000
f 1121/1121/1121 1122/1122/1122 1123/1123/1123 1124/1124/1124
usemtl texture_0
v 0.72625000 0.49375000 0.21125000
vt 0.65625000 0.00195312
vn 0.00000000 -1.00000000 0.00000000
v 0.72625000 0.49375000 0.19625000
vt 0.65625000 0.00390625
vn 0.00000000 -1.00000000 0.00000000
v 0.75750000 0.49375000 0.19625000
vt 0.66015625 0.00390625
vn 0.00000000 -1.00000000 0.00000000
v 0.75750000 0.49375000 0.21125000
vt 0.66015625 0.00195312
vn 0.00000000 -1.00000000 0.00000000
f 1125/1125/1125 1126/1126/1126 1127/1127/1127 1128/1128/1128
usemtl texture_0
v 0.73750000 0.46250000 0.19625000
vt 0.64257812 0.00195312
vn 0.00000000 -0.00000000 -1.00000000
v 0.73750000 0.44375000 0.19625000
vt 0.64257812 0.00390625
vn 0.00000000 -0.00000000 -1.00000000
v 0.70000000 0.44375000 0.19625000
vt 0.64648438 0.00390625
vn 0.00000000 -0.00000000 -1.00000000
v 0.70000000 0.46250000 0.19625000
vt 0.64648438 0.00195312
vn 0.00000000 -0.00000000 -1.00000000
f 1129/1129/1129 1130/1130/1130 1131/1131/1131 1132/1132/1132
usemtl texture_0
v 0.70000000 0.46250000 0.21125000
vt 0.64257812 0.00195312
vn 0.00000000 0.00000000 1.00000000
v 0.70000000 0.44375000 0.21125000
vt 0.64257812 0.00390625
vn 0.00000000 0.00000000 1.00000000
v 0.73750000 0.44375000 0.21125000
vt 0.64648438 0.00390625
vn 0.00000000 0.00000000 1.00000000
v 0.73750000 0.46250000 0.21125000
vt 0.64648438 0.00195312
vn 0.00000000 0.00000000 1.00000000
f 1133/1133/1133 1134/1134/1134 1135/1135/1135 1136/1136/1136
usemtl texture_0
v 0.73750000 0.46250000 0.21125000
vt 0.65039062 0.00195312
vn 1.00000000 0.00000000 0.00000000
v 0.73750000 0.44375000 0.21125000
vt 0.65039062 0.00390625
vn 1.00000000 0.00000000 0.00000000
v 0.73750000 0.44375000 0.19625000
vt 0.65234375 0.00390625
vn 1.00000000 0.00000000 0.00000000
v 0.73750000 0.46250000 0.19625000
vt 0.65234375 0.00195312
vn 1.00000000 0.00000000 0.00000000
f 1137/1137/1137 1138/1138/1138 1139/1139/1139 1140/1140/1140
usemtl texture_0
v 0.70000000 0.46250000 0.19625000
vt 0.65039062 0.00195312
vn -1.00000000 0.00000000 0.00000000
v 0.70000000 0.44375000 0.19625000
vt 0.65039062 0.00390625
vn -1.00000000 0.00000000 0.00000000
v 0.70000000 0.44375000 0.21125000
vt 0.65234375 0.00390625
vn -1.00000000 0.00000000 0.00000000
v 0.70000000 0.46250000 0.21125000
vt 0.65234375 0.00195312
vn -1.00000000 0.00000000 0.00000000
f 1141/1141/1141 1142/1142/1142 1143/1143/1143 1144/1144/1144
usemtl texture_0
v 0.70000000 0.46250000 0.19625000
vt 0.65625000 0.00195312
vn 0.00000000 1.00000000 0.00000000
v 0.70000000 0.46250000 0.21125000
vt 0.65625000 0.00390625
vn 0.00000000 1.00000000 0.00000000
v 0.73750000 0.46250000 0.21125000
vt 0.66015625 0.00390625
vn 0.00000000 1.00000000 0.00000000
v 0.73750000 0.46250000 0.19625000
vt 0.66015625 0.00195312
vn 0.00000000 1.00000000 0.00000000
f 1145/1145/1145 1146/1146/1146 1147/1147/1147 1148/1148/1148
usemtl texture_0
v 0.70000000 0.44375000 0.21125000
vt 0.65625000 0.00195312
vn 0.00000000 -1.00000000 0.00000000
v 0.70000000 0.44375000 0.19625000
vt 0.65625000 0.00390625
vn 0.00000000 -1.00000000 0.00000000
v 0.73750000 0.44375000 0.19625000
vt 0.66015625 0.00390625
vn 0.00000000 -1.00000000 0.00000000
v 0.73750000 0.44375000 0.21125000
vt 0.66015625 0.00195312
vn 0.00000000 -1.00000000 0.00000000
f 1149/1149/1149 1150/1150/1150 1151/1151/1151 1152/1152/1152
